date,region,temp_max_c,temp_min_c,humidity_pct,heat_index_c,is_weekend,day_of_week,month,is_heatwave,heatwave_day_streak,ae_attendances,emergency_admissions,data_label
2024-01-01,Greater London Health Region,5.7,0.5,85.3,5.7,0,0,1,0,0,289,73,Labelled Demonstration Dataset
2024-01-02,Greater London Health Region,5.0,0.5,93.1,5.0,0,1,1,0,0,298,77,Labelled Demonstration Dataset
2024-01-03,Greater London Health Region,2.8,0.5,86.8,2.8,0,2,1,0,0,268,71,Labelled Demonstration Dataset
2024-01-04,Greater London Health Region,6.6,0.5,75.9,6.6,0,3,1,0,0,292,65,Labelled Demonstration Dataset
2024-01-05,Greater London Health Region,8.5,1.3,81.4,8.5,0,4,1,0,0,340,86,Labelled Demonstration Dataset
2024-01-06,Greater London Health Region,4.5,0.5,84.5,4.5,1,5,1,0,0,271,66,Labelled Demonstration Dataset
2024-01-07,Greater London Health Region,2.3,0.5,95.0,2.3,1,6,1,0,0,272,67,Labelled Demonstration Dataset
2024-01-08,Greater London Health Region,3.4,0.5,91.3,3.4,0,0,1,0,0,307,66,Labelled Demonstration Dataset
2024-01-09,Greater London Health Region,1.0,0.5,93.0,1.0,0,1,1,0,0,308,81,Labelled Demonstration Dataset
2024-01-10,Greater London Health Region,1.0,0.5,82.3,1.0,0,2,1,0,0,298,79,Labelled Demonstration Dataset
2024-01-11,Greater London Health Region,5.0,0.5,76.4,5.0,0,3,1,0,0,313,82,Labelled Demonstration Dataset
2024-01-12,Greater London Health Region,6.7,0.5,89.5,6.7,0,4,1,0,0,293,71,Labelled Demonstration Dataset
2024-01-13,Greater London Health Region,5.0,0.5,92.9,5.0,1,5,1,0,0,277,67,Labelled Demonstration Dataset
2024-01-14,Greater London Health Region,7.5,0.5,78.6,7.5,1,6,1,0,0,278,74,Labelled Demonstration Dataset
2024-01-15,Greater London Health Region,5.1,0.5,83.0,5.1,0,0,1,0,0,325,82,Labelled Demonstration Dataset
2024-01-16,Greater London Health Region,14.1,5.5,70.6,14.1,0,1,1,0,0,306,75,Labelled Demonstration Dataset
2024-01-17,Greater London Health Region,4.3,0.5,75.9,4.3,0,2,1,0,0,297,66,Labelled Demonstration Dataset
2024-01-18,Greater London Health Region,1.7,0.5,95.0,1.7,0,3,1,0,0,293,70,Labelled Demonstration Dataset
2024-01-19,Greater London Health Region,6.8,0.5,86.8,6.8,0,4,1,0,0,324,81,Labelled Demonstration Dataset
2024-01-20,Greater London Health Region,3.1,0.5,93.3,3.1,1,5,1,0,0,274,61,Labelled Demonstration Dataset
2024-01-21,Greater London Health Region,5.0,0.5,88.6,5.0,1,6,1,0,0,242,62,Labelled Demonstration Dataset
2024-01-22,Greater London Health Region,2.9,0.5,87.8,2.9,0,0,1,0,0,302,77,Labelled Demonstration Dataset
2024-01-23,Greater London Health Region,9.8,1.6,82.3,9.8,0,1,1,0,0,304,67,Labelled Demonstration Dataset
2024-01-24,Greater London Health Region,1.0,0.5,85.8,1.0,0,2,1,0,0,305,88,Labelled Demonstration Dataset
2024-01-25,Greater London Health Region,3.6,0.5,90.5,3.6,0,3,1,0,0,309,77,Labelled Demonstration Dataset
2024-01-26,Greater London Health Region,6.5,0.5,78.3,6.5,0,4,1,0,0,316,74,Labelled Demonstration Dataset
2024-01-27,Greater London Health Region,8.5,0.5,74.4,8.5,1,5,1,0,0,267,67,Labelled Demonstration Dataset
2024-01-28,Greater London Health Region,2.8,0.5,95.0,2.8,1,6,1,0,0,281,67,Labelled Demonstration Dataset
2024-01-29,Greater London Health Region,1.0,0.5,92.2,1.0,0,0,1,0,0,312,73,Labelled Demonstration Dataset
2024-01-30,Greater London Health Region,6.3,0.5,84.5,6.3,0,1,1,0,0,294,71,Labelled Demonstration Dataset
2024-01-31,Greater London Health Region,6.9,0.5,77.3,6.9,0,2,1,0,0,324,93,Labelled Demonstration Dataset
2024-02-01,Greater London Health Region,3.5,0.5,87.6,3.5,0,3,2,0,0,308,80,Labelled Demonstration Dataset
2024-02-02,Greater London Health Region,1.0,0.5,83.9,1.0,0,4,2,0,0,313,84,Labelled Demonstration Dataset
2024-02-03,Greater London Health Region,5.3,0.5,91.7,5.3,1,5,2,0,0,284,67,Labelled Demonstration Dataset
2024-02-04,Greater London Health Region,10.3,0.5,83.5,10.3,1,6,2,0,0,290,67,Labelled Demonstration Dataset
2024-02-05,Greater London Health Region,2.5,0.5,83.2,2.5,0,0,2,0,0,318,81,Labelled Demonstration Dataset
2024-02-06,Greater London Health Region,7.3,0.7,95.0,7.3,0,1,2,0,0,285,67,Labelled Demonstration Dataset
2024-02-07,Greater London Health Region,7.5,0.5,82.6,7.5,0,2,2,0,0,305,83,Labelled Demonstration Dataset
2024-02-08,Greater London Health Region,4.1,0.5,95.0,4.1,0,3,2,0,0,291,77,Labelled Demonstration Dataset
2024-02-09,Greater London Health Region,5.1,0.5,86.1,5.1,0,4,2,0,0,301,78,Labelled Demonstration Dataset
2024-02-10,Greater London Health Region,6.5,0.5,84.8,6.5,1,5,2,0,0,273,72,Labelled Demonstration Dataset
2024-02-11,Greater London Health Region,8.3,0.5,81.0,8.3,1,6,2,0,0,282,64,Labelled Demonstration Dataset
2024-02-12,Greater London Health Region,5.8,0.5,88.4,5.8,0,0,2,0,0,308,72,Labelled Demonstration Dataset
2024-02-13,Greater London Health Region,8.5,0.5,83.1,8.5,0,1,2,0,0,320,85,Labelled Demonstration Dataset
2024-02-14,Greater London Health Region,1.3,0.5,85.8,1.3,0,2,2,0,0,309,78,Labelled Demonstration Dataset
2024-02-15,Greater London Health Region,5.6,0.5,91.5,5.6,0,3,2,0,0,312,83,Labelled Demonstration Dataset
2024-02-16,Greater London Health Region,8.5,0.5,86.7,8.5,0,4,2,0,0,288,64,Labelled Demonstration Dataset
2024-02-17,Greater London Health Region,6.2,0.5,80.4,6.2,1,5,2,0,0,312,68,Labelled Demonstration Dataset
2024-02-18,Greater London Health Region,7.8,1.6,74.0,7.8,1,6,2,0,0,267,65,Labelled Demonstration Dataset
2024-02-19,Greater London Health Region,10.6,3.3,81.1,10.6,0,0,2,0,0,294,74,Labelled Demonstration Dataset
2024-02-20,Greater London Health Region,6.1,0.5,81.8,6.1,0,1,2,0,0,324,85,Labelled Demonstration Dataset
2024-02-21,Greater London Health Region,6.1,0.5,88.3,6.1,0,2,2,0,0,295,78,Labelled Demonstration Dataset
2024-02-22,Greater London Health Region,3.8,0.5,87.8,3.8,0,3,2,0,0,294,81,Labelled Demonstration Dataset
2024-02-23,Greater London Health Region,5.3,0.5,84.7,5.3,0,4,2,0,0,329,84,Labelled Demonstration Dataset
2024-02-24,Greater London Health Region,2.6,0.5,95.0,2.6,1,5,2,0,0,285,79,Labelled Demonstration Dataset
2024-02-25,Greater London Health Region,2.5,0.5,95.0,2.5,1,6,2,0,0,297,70,Labelled Demonstration Dataset
2024-02-26,Greater London Health Region,8.0,0.5,88.0,8.0,0,0,2,0,0,304,71,Labelled Demonstration Dataset
2024-02-27,Greater London Health Region,2.9,0.5,88.9,2.9,0,1,2,0,0,327,74,Labelled Demonstration Dataset
2024-02-28,Greater London Health Region,5.6,0.5,87.1,5.6,0,2,2,0,0,305,87,Labelled Demonstration Dataset
2024-02-29,Greater London Health Region,8.2,1.2,88.6,8.2,0,3,2,0,0,307,73,Labelled Demonstration Dataset
2024-03-01,Greater London Health Region,7.3,0.5,81.9,7.3,0,4,3,0,0,278,75,Labelled Demonstration Dataset
2024-03-02,Greater London Health Region,5.4,0.5,95.0,5.4,1,5,3,0,0,277,72,Labelled Demonstration Dataset
2024-03-03,Greater London Health Region,8.2,1.8,79.4,8.2,1,6,3,0,0,292,70,Labelled Demonstration Dataset
2024-03-04,Greater London Health Region,5.6,0.5,84.1,5.6,0,0,3,0,0,317,80,Labelled Demonstration Dataset
2024-03-05,Greater London Health Region,10.1,2.4,84.7,10.1,0,1,3,0,0,312,74,Labelled Demonstration Dataset
2024-03-06,Greater London Health Region,2.4,0.5,82.8,2.4,0,2,3,0,0,312,76,Labelled Demonstration Dataset
2024-03-07,Greater London Health Region,7.3,0.5,90.8,7.3,0,3,3,0,0,299,76,Labelled Demonstration Dataset
2024-03-08,Greater London Health Region,8.1,0.5,88.9,8.1,0,4,3,0,0,314,76,Labelled Demonstration Dataset
2024-03-09,Greater London Health Region,9.2,0.5,81.2,9.2,1,5,3,0,0,306,81,Labelled Demonstration Dataset
2024-03-10,Greater London Health Region,3.0,0.5,86.7,3.0,1,6,3,0,0,296,77,Labelled Demonstration Dataset
2024-03-11,Greater London Health Region,10.3,3.8,84.4,10.3,0,0,3,0,0,295,73,Labelled Demonstration Dataset
2024-03-12,Greater London Health Region,2.3,0.5,95.0,2.3,0,1,3,0,0,293,71,Labelled Demonstration Dataset
2024-03-13,Greater London Health Region,10.0,0.5,77.6,10.0,0,2,3,0,0,298,75,Labelled Demonstration Dataset
2024-03-14,Greater London Health Region,10.6,4.1,85.5,10.6,0,3,3,0,0,284,63,Labelled Demonstration Dataset
2024-03-15,Greater London Health Region,6.9,0.5,83.4,6.9,0,4,3,0,0,276,76,Labelled Demonstration Dataset
2024-03-16,Greater London Health Region,8.3,0.5,83.0,8.3,1,5,3,0,0,284,66,Labelled Demonstration Dataset
2024-03-17,Greater London Health Region,10.9,0.5,89.1,10.9,1,6,3,0,0,259,60,Labelled Demonstration Dataset
2024-03-18,Greater London Health Region,8.5,0.5,85.5,8.5,0,0,3,0,0,308,77,Labelled Demonstration Dataset
2024-03-19,Greater London Health Region,10.0,0.5,76.4,10.0,0,1,3,0,0,336,86,Labelled Demonstration Dataset
2024-03-20,Greater London Health Region,8.5,0.5,94.0,8.5,0,2,3,0,0,317,80,Labelled Demonstration Dataset
2024-03-21,Greater London Health Region,16.6,8.9,68.2,16.6,0,3,3,0,0,302,68,Labelled Demonstration Dataset
2024-03-22,Greater London Health Region,13.2,6.7,66.3,13.2,0,4,3,0,0,309,86,Labelled Demonstration Dataset
2024-03-23,Greater London Health Region,13.2,3.1,73.7,13.2,1,5,3,0,0,290,79,Labelled Demonstration Dataset
2024-03-24,Greater London Health Region,12.6,1.4,77.1,12.6,1,6,3,0,0,296,71,Labelled Demonstration Dataset
2024-03-25,Greater London Health Region,5.5,0.5,94.5,5.5,0,0,3,0,0,308,78,Labelled Demonstration Dataset
2024-03-26,Greater London Health Region,3.4,0.5,83.5,3.4,0,1,3,0,0,305,76,Labelled Demonstration Dataset
2024-03-27,Greater London Health Region,9.6,0.9,85.2,9.6,0,2,3,0,0,285,73,Labelled Demonstration Dataset
2024-03-28,Greater London Health Region,14.3,6.2,85.1,14.3,0,3,3,0,0,309,73,Labelled Demonstration Dataset
2024-03-29,Greater London Health Region,15.9,6.8,74.6,15.9,0,4,3,0,0,307,82,Labelled Demonstration Dataset
2024-03-30,Greater London Health Region,14.5,6.1,76.6,14.5,1,5,3,0,0,289,79,Labelled Demonstration Dataset
2024-03-31,Greater London Health Region,8.7,1.9,86.7,8.7,1,6,3,0,0,255,70,Labelled Demonstration Dataset
2024-04-01,Greater London Health Region,14.4,6.3,74.9,14.4,0,0,4,0,0,326,81,Labelled Demonstration Dataset
2024-04-02,Greater London Health Region,16.8,5.6,64.6,16.8,0,1,4,0,0,304,79,Labelled Demonstration Dataset
2024-04-03,Greater London Health Region,11.3,0.5,69.5,11.3,0,2,4,0,0,276,68,Labelled Demonstration Dataset
2024-04-04,Greater London Health Region,8.4,1.9,86.9,8.4,0,3,4,0,0,289,74,Labelled Demonstration Dataset
2024-04-05,Greater London Health Region,14.7,5.9,73.6,14.7,0,4,4,0,0,291,75,Labelled Demonstration Dataset
2024-04-06,Greater London Health Region,11.0,3.9,75.0,11.0,1,5,4,0,0,259,63,Labelled Demonstration Dataset
2024-04-07,Greater London Health Region,13.0,2.9,63.7,13.0,1,6,4,0,0,270,68,Labelled Demonstration Dataset
2024-04-08,Greater London Health Region,12.6,1.8,76.6,12.6,0,0,4,0,0,294,76,Labelled Demonstration Dataset
2024-04-09,Greater London Health Region,11.5,2.6,71.8,11.5,0,1,4,0,0,283,77,Labelled Demonstration Dataset
2024-04-10,Greater London Health Region,18.2,12.0,69.7,18.2,0,2,4,0,0,316,74,Labelled Demonstration Dataset
2024-04-11,Greater London Health Region,13.6,4.4,82.5,13.6,0,3,4,0,0,303,70,Labelled Demonstration Dataset
2024-04-12,Greater London Health Region,8.8,1.2,83.7,8.8,0,4,4,0,0,302,75,Labelled Demonstration Dataset
2024-04-13,Greater London Health Region,10.6,2.6,76.4,10.6,1,5,4,0,0,303,80,Labelled Demonstration Dataset
2024-04-14,Greater London Health Region,14.0,7.5,85.1,14.0,1,6,4,0,0,313,83,Labelled Demonstration Dataset
2024-04-15,Greater London Health Region,12.9,6.1,87.0,12.9,0,0,4,0,0,292,66,Labelled Demonstration Dataset
2024-04-16,Greater London Health Region,17.1,9.0,83.9,17.1,0,1,4,0,0,305,76,Labelled Demonstration Dataset
2024-04-17,Greater London Health Region,13.4,6.5,75.5,13.4,0,2,4,0,0,295,71,Labelled Demonstration Dataset
2024-04-18,Greater London Health Region,12.9,5.9,72.3,12.9,0,3,4,0,0,269,70,Labelled Demonstration Dataset
2024-04-19,Greater London Health Region,16.0,4.8,73.3,16.0,0,4,4,0,0,296,77,Labelled Demonstration Dataset
2024-04-20,Greater London Health Region,16.5,4.9,67.3,16.5,1,5,4,0,0,308,85,Labelled Demonstration Dataset
2024-04-21,Greater London Health Region,18.0,10.9,66.8,18.0,1,6,4,0,0,269,58,Labelled Demonstration Dataset
2024-04-22,Greater London Health Region,10.5,3.8,80.7,10.5,0,0,4,0,0,283,74,Labelled Demonstration Dataset
2024-04-23,Greater London Health Region,12.1,3.2,80.1,12.1,0,1,4,0,0,295,73,Labelled Demonstration Dataset
2024-04-24,Greater London Health Region,13.1,6.7,75.0,13.1,0,2,4,0,0,296,77,Labelled Demonstration Dataset
2024-04-25,Greater London Health Region,19.2,9.6,74.6,19.2,0,3,4,0,0,270,63,Labelled Demonstration Dataset
2024-04-26,Greater London Health Region,17.8,6.8,70.4,17.8,0,4,4,0,0,307,77,Labelled Demonstration Dataset
2024-04-27,Greater London Health Region,17.7,6.6,81.2,17.7,1,5,4,0,0,284,68,Labelled Demonstration Dataset
2024-04-28,Greater London Health Region,14.9,7.9,72.5,14.9,1,6,4,0,0,287,76,Labelled Demonstration Dataset
2024-04-29,Greater London Health Region,9.9,0.5,83.3,9.9,0,0,4,0,0,321,78,Labelled Demonstration Dataset
2024-04-30,Greater London Health Region,10.6,1.8,74.2,10.6,0,1,4,0,0,319,75,Labelled Demonstration Dataset
2024-05-01,Greater London Health Region,12.1,0.7,78.6,12.1,0,2,5,0,0,316,67,Labelled Demonstration Dataset
2024-05-02,Greater London Health Region,17.8,11.1,76.3,17.8,0,3,5,0,0,307,79,Labelled Demonstration Dataset
2024-05-03,Greater London Health Region,14.6,3.8,73.1,14.6,0,4,5,0,0,313,89,Labelled Demonstration Dataset
2024-05-04,Greater London Health Region,17.9,11.0,73.0,17.9,1,5,5,0,0,264,61,Labelled Demonstration Dataset
2024-05-05,Greater London Health Region,22.1,10.8,68.9,22.1,1,6,5,0,0,294,70,Labelled Demonstration Dataset
2024-05-06,Greater London Health Region,16.9,6.1,66.8,16.9,0,0,5,0,0,299,71,Labelled Demonstration Dataset
2024-05-07,Greater London Health Region,20.7,10.9,74.0,20.7,0,1,5,0,0,310,86,Labelled Demonstration Dataset
2024-05-08,Greater London Health Region,15.7,8.6,66.7,15.7,0,2,5,0,0,307,80,Labelled Demonstration Dataset
2024-05-09,Greater London Health Region,15.5,3.8,60.5,15.5,0,3,5,0,0,308,71,Labelled Demonstration Dataset
2024-05-10,Greater London Health Region,25.7,19.6,62.9,25.7,0,4,5,0,0,329,85,Labelled Demonstration Dataset
2024-05-11,Greater London Health Region,19.1,12.2,72.7,19.1,1,5,5,0,0,306,83,Labelled Demonstration Dataset
2024-05-12,Greater London Health Region,23.4,11.8,61.9,23.4,1,6,5,0,0,278,73,Labelled Demonstration Dataset
2024-05-13,Greater London Health Region,26.4,18.0,64.5,27.8,0,0,5,0,0,302,73,Labelled Demonstration Dataset
2024-05-14,Greater London Health Region,15.9,6.7,64.0,15.9,0,1,5,0,0,301,78,Labelled Demonstration Dataset
2024-05-15,Greater London Health Region,22.9,14.2,60.6,22.9,0,2,5,0,0,301,67,Labelled Demonstration Dataset
2024-05-16,Greater London Health Region,18.5,9.5,69.2,18.5,0,3,5,0,0,316,78,Labelled Demonstration Dataset
2024-05-17,Greater London Health Region,22.6,12.8,54.8,22.6,0,4,5,0,0,301,69,Labelled Demonstration Dataset
2024-05-18,Greater London Health Region,27.2,20.8,60.7,28.6,1,5,5,0,0,269,71,Labelled Demonstration Dataset
2024-05-19,Greater London Health Region,19.3,12.2,70.8,19.3,1,6,5,0,0,279,67,Labelled Demonstration Dataset
2024-05-20,Greater London Health Region,17.7,7.0,72.4,17.7,0,0,5,0,0,324,67,Labelled Demonstration Dataset
2024-05-21,Greater London Health Region,13.7,4.3,69.1,13.7,0,1,5,0,0,300,73,Labelled Demonstration Dataset
2024-05-22,Greater London Health Region,15.9,6.0,69.3,15.9,0,2,5,0,0,299,74,Labelled Demonstration Dataset
2024-05-23,Greater London Health Region,21.7,11.7,62.3,21.7,0,3,5,0,0,315,73,Labelled Demonstration Dataset
2024-05-24,Greater London Health Region,18.8,8.9,73.4,18.8,0,4,5,0,0,300,73,Labelled Demonstration Dataset
2024-05-25,Greater London Health Region,22.9,11.8,59.9,22.9,1,5,5,0,0,274,74,Labelled Demonstration Dataset
2024-05-26,Greater London Health Region,17.4,9.6,75.8,17.4,1,6,5,0,0,256,72,Labelled Demonstration Dataset
2024-05-27,Greater London Health Region,17.0,8.7,67.7,17.0,0,0,5,0,0,283,73,Labelled Demonstration Dataset
2024-05-28,Greater London Health Region,17.0,7.7,83.1,17.0,0,1,5,0,0,280,67,Labelled Demonstration Dataset
2024-05-29,Greater London Health Region,23.9,13.1,64.1,23.9,0,2,5,0,0,299,74,Labelled Demonstration Dataset
2024-05-30,Greater London Health Region,22.0,12.2,56.3,22.0,0,3,5,0,0,296,71,Labelled Demonstration Dataset
2024-05-31,Greater London Health Region,17.4,9.8,72.7,17.4,0,4,5,0,0,307,71,Labelled Demonstration Dataset
2024-06-01,Greater London Health Region,22.6,12.7,55.7,22.6,1,5,6,0,0,273,70,Labelled Demonstration Dataset
2024-06-02,Greater London Health Region,26.3,16.3,70.9,28.1,1,6,6,0,0,254,57,Labelled Demonstration Dataset
2024-06-03,Greater London Health Region,19.7,12.7,69.5,19.7,0,0,6,0,0,300,75,Labelled Demonstration Dataset
2024-06-04,Greater London Health Region,17.4,9.1,75.6,17.4,0,1,6,0,0,292,66,Labelled Demonstration Dataset
2024-06-05,Greater London Health Region,18.9,9.5,76.6,18.9,0,2,6,0,0,334,81,Labelled Demonstration Dataset
2024-06-06,Greater London Health Region,22.2,14.9,67.4,22.2,0,3,6,0,0,296,74,Labelled Demonstration Dataset
2024-06-07,Greater London Health Region,29.7,21.7,56.8,31.6,0,4,6,0,0,343,94,Labelled Demonstration Dataset
2024-06-08,Greater London Health Region,22.7,13.7,63.8,22.7,1,5,6,0,0,271,76,Labelled Demonstration Dataset
2024-06-09,Greater London Health Region,24.3,13.5,60.5,24.3,1,6,6,0,0,264,70,Labelled Demonstration Dataset
2024-06-10,Greater London Health Region,17.0,10.5,79.5,17.0,0,0,6,0,0,303,78,Labelled Demonstration Dataset
2024-06-11,Greater London Health Region,22.9,11.7,57.5,22.9,0,1,6,0,0,316,82,Labelled Demonstration Dataset
2024-06-12,Greater London Health Region,26.4,15.3,67.7,28.1,0,2,6,0,0,304,67,Labelled Demonstration Dataset
2024-06-13,Greater London Health Region,23.9,16.8,65.6,23.9,0,3,6,0,0,316,79,Labelled Demonstration Dataset
2024-06-14,Greater London Health Region,24.0,12.2,62.9,24.0,0,4,6,0,0,304,79,Labelled Demonstration Dataset
2024-06-15,Greater London Health Region,22.8,14.9,65.8,22.8,1,5,6,0,0,260,67,Labelled Demonstration Dataset
2024-06-16,Greater London Health Region,19.7,9.4,77.0,19.7,1,6,6,0,0,277,67,Labelled Demonstration Dataset
2024-06-17,Greater London Health Region,27.3,19.4,61.4,28.9,0,0,6,0,0,318,81,Labelled Demonstration Dataset
2024-06-18,Greater London Health Region,18.9,12.8,73.8,18.9,0,1,6,0,0,306,81,Labelled Demonstration Dataset
2024-06-19,Greater London Health Region,21.5,12.6,75.7,21.5,0,2,6,0,0,317,80,Labelled Demonstration Dataset
2024-06-20,Greater London Health Region,18.1,7.7,60.7,18.1,0,3,6,0,0,299,73,Labelled Demonstration Dataset
2024-06-21,Greater London Health Region,19.2,11.4,64.4,19.2,0,4,6,0,0,277,63,Labelled Demonstration Dataset
2024-06-22,Greater London Health Region,20.1,8.4,73.0,20.1,1,5,6,0,0,293,72,Labelled Demonstration Dataset
2024-06-23,Greater London Health Region,23.2,13.5,69.2,23.2,1,6,6,0,0,296,82,Labelled Demonstration Dataset
2024-06-24,Greater London Health Region,18.7,11.6,71.0,18.7,0,0,6,0,0,296,71,Labelled Demonstration Dataset
2024-06-25,Greater London Health Region,21.5,15.2,74.3,21.5,0,1,6,0,0,299,68,Labelled Demonstration Dataset
2024-06-26,Greater London Health Region,25.9,19.0,68.2,25.9,0,2,6,0,0,297,77,Labelled Demonstration Dataset
2024-06-27,Greater London Health Region,24.2,14.6,54.9,24.2,0,3,6,0,0,293,74,Labelled Demonstration Dataset
2024-06-28,Greater London Health Region,30.2,18.9,60.3,32.8,0,4,6,0,1,375,108,Labelled Demonstration Dataset
2024-06-29,Greater London Health Region,30.1,21.9,57.5,32.3,1,5,6,1,2,356,93,Labelled Demonstration Dataset
2024-06-30,Greater London Health Region,29.3,19.2,57.8,31.2,1,6,6,1,3,272,68,Labelled Demonstration Dataset
2024-07-01,Greater London Health Region,36.1,26.0,51.7,38.8,0,0,7,1,4,650,212,Labelled Demonstration Dataset
2024-07-02,Greater London Health Region,34.8,23.7,53.1,37.5,0,1,7,1,5,650,206,Labelled Demonstration Dataset
2024-07-03,Greater London Health Region,35.7,26.0,55.3,39.2,0,2,7,1,6,650,210,Labelled Demonstration Dataset
2024-07-04,Greater London Health Region,33.5,26.5,47.8,34.7,0,3,7,1,7,571,174,Labelled Demonstration Dataset
2024-07-05,Greater London Health Region,23.2,15.5,65.2,23.2,0,4,7,0,0,307,76,Labelled Demonstration Dataset
2024-07-06,Greater London Health Region,19.8,10.0,73.7,19.8,1,5,7,0,0,300,76,Labelled Demonstration Dataset
2024-07-07,Greater London Health Region,24.7,15.5,61.0,24.7,1,6,7,0,0,278,70,Labelled Demonstration Dataset
2024-07-08,Greater London Health Region,25.8,19.2,63.2,25.8,0,0,7,0,0,307,78,Labelled Demonstration Dataset
2024-07-09,Greater London Health Region,23.4,13.2,62.5,23.4,0,1,7,0,0,306,72,Labelled Demonstration Dataset
2024-07-10,Greater London Health Region,27.6,21.3,50.7,28.2,0,2,7,0,0,313,77,Labelled Demonstration Dataset
2024-07-11,Greater London Health Region,23.6,13.0,52.5,23.6,0,3,7,0,0,297,83,Labelled Demonstration Dataset
2024-07-12,Greater London Health Region,19.6,12.6,56.3,19.6,0,4,7,0,0,314,83,Labelled Demonstration Dataset
2024-07-13,Greater London Health Region,27.4,19.8,68.0,29.6,1,5,7,0,0,290,72,Labelled Demonstration Dataset
2024-07-14,Greater London Health Region,29.5,21.1,51.2,30.6,1,6,7,0,0,331,88,Labelled Demonstration Dataset
2024-07-15,Greater London Health Region,21.9,15.7,62.7,21.9,0,0,7,0,0,287,78,Labelled Demonstration Dataset
2024-07-16,Greater London Health Region,23.7,11.9,71.3,23.7,0,1,7,0,0,308,75,Labelled Demonstration Dataset
2024-07-17,Greater London Health Region,26.1,15.0,66.0,27.5,0,2,7,0,0,313,84,Labelled Demonstration Dataset
2024-07-18,Greater London Health Region,24.6,13.8,67.7,24.6,0,3,7,0,0,290,72,Labelled Demonstration Dataset
2024-07-19,Greater London Health Region,25.1,16.5,58.3,25.1,0,4,7,0,0,304,68,Labelled Demonstration Dataset
2024-07-20,Greater London Health Region,24.3,16.7,59.8,24.3,1,5,7,0,0,271,72,Labelled Demonstration Dataset
2024-07-21,Greater London Health Region,23.1,16.7,65.1,23.1,1,6,7,0,0,273,56,Labelled Demonstration Dataset
2024-07-22,Greater London Health Region,19.2,9.0,74.5,19.2,0,0,7,0,0,310,79,Labelled Demonstration Dataset
2024-07-23,Greater London Health Region,23.8,17.2,61.0,23.8,0,1,7,0,0,304,70,Labelled Demonstration Dataset
2024-07-24,Greater London Health Region,28.4,19.0,64.2,30.8,0,2,7,0,0,307,80,Labelled Demonstration Dataset
2024-07-25,Greater London Health Region,23.0,16.5,64.9,23.0,0,3,7,0,0,290,71,Labelled Demonstration Dataset
2024-07-26,Greater London Health Region,29.2,18.4,61.8,31.6,0,4,7,0,0,329,85,Labelled Demonstration Dataset
2024-07-27,Greater London Health Region,24.6,14.4,58.7,24.6,1,5,7,0,0,280,66,Labelled Demonstration Dataset
2024-07-28,Greater London Health Region,36.4,25.6,51.7,39.2,1,6,7,0,1,650,208,Labelled Demonstration Dataset
2024-07-29,Greater London Health Region,36.9,27.0,49.9,39.3,0,0,7,1,2,650,214,Labelled Demonstration Dataset
2024-07-30,Greater London Health Region,33.0,25.7,50.5,34.7,0,1,7,1,3,514,150,Labelled Demonstration Dataset
2024-07-31,Greater London Health Region,33.3,23.0,65.9,38.4,0,2,7,1,4,539,162,Labelled Demonstration Dataset
2024-08-01,Greater London Health Region,32.7,26.5,47.6,33.8,0,3,8,1,5,511,142,Labelled Demonstration Dataset
2024-08-02,Greater London Health Region,35.4,26.8,54.4,38.6,0,4,8,1,6,650,198,Labelled Demonstration Dataset
2024-08-03,Greater London Health Region,33.3,22.9,59.3,37.0,1,5,8,1,7,543,162,Labelled Demonstration Dataset
2024-08-04,Greater London Health Region,31.2,21.6,60.9,34.3,1,6,8,1,8,427,127,Labelled Demonstration Dataset
2024-08-05,Greater London Health Region,21.4,11.1,69.7,21.4,0,0,8,0,0,309,75,Labelled Demonstration Dataset
2024-08-06,Greater London Health Region,18.3,7.1,70.7,18.3,0,1,8,0,0,315,64,Labelled Demonstration Dataset
2024-08-07,Greater London Health Region,26.6,19.6,50.6,27.0,0,2,8,0,0,310,77,Labelled Demonstration Dataset
2024-08-08,Greater London Health Region,25.5,17.5,54.9,25.5,0,3,8,0,0,298,76,Labelled Demonstration Dataset
2024-08-09,Greater London Health Region,22.9,15.5,68.4,22.9,0,4,8,0,0,275,70,Labelled Demonstration Dataset
2024-08-10,Greater London Health Region,22.2,14.7,73.8,22.2,1,5,8,0,0,301,79,Labelled Demonstration Dataset
2024-08-11,Greater London Health Region,21.8,15.6,64.7,21.8,1,6,8,0,0,291,78,Labelled Demonstration Dataset
2024-08-12,Greater London Health Region,26.4,15.6,60.8,27.5,0,0,8,0,0,319,80,Labelled Demonstration Dataset
2024-08-13,Greater London Health Region,21.9,14.3,65.5,21.9,0,1,8,0,0,305,72,Labelled Demonstration Dataset
2024-08-14,Greater London Health Region,22.2,10.6,60.2,22.2,0,2,8,0,0,306,66,Labelled Demonstration Dataset
2024-08-15,Greater London Health Region,25.3,16.6,64.7,25.3,0,3,8,0,0,275,83,Labelled Demonstration Dataset
2024-08-16,Greater London Health Region,19.8,13.6,71.7,19.8,0,4,8,0,0,320,74,Labelled Demonstration Dataset
2024-08-17,Greater London Health Region,24.2,12.4,57.6,24.2,1,5,8,0,0,283,67,Labelled Demonstration Dataset
2024-08-18,Greater London Health Region,25.5,18.4,61.4,25.5,1,6,8,0,0,292,75,Labelled Demonstration Dataset
2024-08-19,Greater London Health Region,22.6,13.6,68.1,22.6,0,0,8,0,0,318,81,Labelled Demonstration Dataset
2024-08-20,Greater London Health Region,20.7,9.1,68.6,20.7,0,1,8,0,0,320,85,Labelled Demonstration Dataset
2024-08-21,Greater London Health Region,23.9,15.5,57.5,23.9,0,2,8,0,0,294,74,Labelled Demonstration Dataset
2024-08-22,Greater London Health Region,24.9,14.2,61.6,24.9,0,3,8,0,0,327,84,Labelled Demonstration Dataset
2024-08-23,Greater London Health Region,21.0,13.0,73.6,21.0,0,4,8,0,0,319,82,Labelled Demonstration Dataset
2024-08-24,Greater London Health Region,23.8,15.2,68.3,23.8,1,5,8,0,0,277,69,Labelled Demonstration Dataset
2024-08-25,Greater London Health Region,21.0,13.1,67.9,21.0,1,6,8,0,0,262,57,Labelled Demonstration Dataset
2024-08-26,Greater London Health Region,18.8,10.1,79.8,18.8,0,0,8,0,0,296,67,Labelled Demonstration Dataset
2024-08-27,Greater London Health Region,26.2,16.5,67.6,27.7,0,1,8,0,0,273,64,Labelled Demonstration Dataset
2024-08-28,Greater London Health Region,21.4,12.5,74.1,21.4,0,2,8,0,0,285,63,Labelled Demonstration Dataset
2024-08-29,Greater London Health Region,24.1,14.5,78.7,24.1,0,3,8,0,0,314,81,Labelled Demonstration Dataset
2024-08-30,Greater London Health Region,20.2,8.6,71.1,20.2,0,4,8,0,0,294,72,Labelled Demonstration Dataset
2024-08-31,Greater London Health Region,15.7,8.0,73.6,15.7,1,5,8,0,0,293,70,Labelled Demonstration Dataset
2024-09-01,Greater London Health Region,14.9,5.2,77.5,14.9,1,6,9,0,0,266,71,Labelled Demonstration Dataset
2024-09-02,Greater London Health Region,17.6,10.5,70.5,17.6,0,0,9,0,0,291,75,Labelled Demonstration Dataset
2024-09-03,Greater London Health Region,26.0,19.4,63.1,27.1,0,1,9,0,0,282,72,Labelled Demonstration Dataset
2024-09-04,Greater London Health Region,20.2,9.4,72.1,20.2,0,2,9,0,0,296,74,Labelled Demonstration Dataset
2024-09-05,Greater London Health Region,21.6,12.0,67.9,21.6,0,3,9,0,0,305,76,Labelled Demonstration Dataset
2024-09-06,Greater London Health Region,17.9,8.2,67.5,17.9,0,4,9,0,0,321,78,Labelled Demonstration Dataset
2024-09-07,Greater London Health Region,19.1,11.7,74.6,19.1,1,5,9,0,0,269,71,Labelled Demonstration Dataset
2024-09-08,Greater London Health Region,18.9,8.9,77.8,18.9,1,6,9,0,0,283,66,Labelled Demonstration Dataset
2024-09-09,Greater London Health Region,26.3,19.3,54.0,26.9,0,0,9,0,0,313,80,Labelled Demonstration Dataset
2024-09-10,Greater London Health Region,18.9,12.8,69.5,18.9,0,1,9,0,0,322,88,Labelled Demonstration Dataset
2024-09-11,Greater London Health Region,14.7,6.4,77.0,14.7,0,2,9,0,0,303,88,Labelled Demonstration Dataset
2024-09-12,Greater London Health Region,16.7,8.1,82.8,16.7,0,3,9,0,0,318,85,Labelled Demonstration Dataset
2024-09-13,Greater London Health Region,19.9,10.4,65.9,19.9,0,4,9,0,0,299,73,Labelled Demonstration Dataset
2024-09-14,Greater London Health Region,17.1,9.7,66.4,17.1,1,5,9,0,0,271,66,Labelled Demonstration Dataset
2024-09-15,Greater London Health Region,16.4,5.6,73.5,16.4,1,6,9,0,0,283,62,Labelled Demonstration Dataset
2024-09-16,Greater London Health Region,19.6,10.4,74.5,19.6,0,0,9,0,0,288,65,Labelled Demonstration Dataset
2024-09-17,Greater London Health Region,20.5,10.1,80.1,20.5,0,1,9,0,0,295,73,Labelled Demonstration Dataset
2024-09-18,Greater London Health Region,19.9,12.8,69.6,19.9,0,2,9,0,0,291,75,Labelled Demonstration Dataset
2024-09-19,Greater London Health Region,15.3,6.6,75.1,15.3,0,3,9,0,0,294,79,Labelled Demonstration Dataset
2024-09-20,Greater London Health Region,21.2,9.6,71.2,21.2,0,4,9,0,0,297,67,Labelled Demonstration Dataset
2024-09-21,Greater London Health Region,18.0,6.9,76.1,18.0,1,5,9,0,0,312,79,Labelled Demonstration Dataset
2024-09-22,Greater London Health Region,18.2,11.4,69.3,18.2,1,6,9,0,0,287,74,Labelled Demonstration Dataset
2024-09-23,Greater London Health Region,14.2,6.0,70.6,14.2,0,0,9,0,0,279,72,Labelled Demonstration Dataset
2024-09-24,Greater London Health Region,14.0,4.4,63.3,14.0,0,1,9,0,0,316,79,Labelled Demonstration Dataset
2024-09-25,Greater London Health Region,17.9,6.8,71.5,17.9,0,2,9,0,0,306,76,Labelled Demonstration Dataset
2024-09-26,Greater London Health Region,19.7,8.5,67.6,19.7,0,3,9,0,0,312,80,Labelled Demonstration Dataset
2024-09-27,Greater London Health Region,15.3,6.9,73.2,15.3,0,4,9,0,0,312,73,Labelled Demonstration Dataset
2024-09-28,Greater London Health Region,16.7,6.9,72.9,16.7,1,5,9,0,0,276,69,Labelled Demonstration Dataset
2024-09-29,Greater London Health Region,23.9,13.3,62.5,23.9,1,6,9,0,0,280,63,Labelled Demonstration Dataset
2024-09-30,Greater London Health Region,13.1,4.9,75.4,13.1,0,0,9,0,0,312,78,Labelled Demonstration Dataset
2024-10-01,Greater London Health Region,10.7,1.7,76.3,10.7,0,1,10,0,0,291,72,Labelled Demonstration Dataset
2024-10-02,Greater London Health Region,12.3,2.6,81.8,12.3,0,2,10,0,0,291,74,Labelled Demonstration Dataset
2024-10-03,Greater London Health Region,13.7,1.7,76.2,13.7,0,3,10,0,0,307,75,Labelled Demonstration Dataset
2024-10-04,Greater London Health Region,13.8,3.6,74.6,13.8,0,4,10,0,0,305,72,Labelled Demonstration Dataset
2024-10-05,Greater London Health Region,10.9,1.2,85.4,10.9,1,5,10,0,0,244,65,Labelled Demonstration Dataset
2024-10-06,Greater London Health Region,11.2,3.0,78.2,11.2,1,6,10,0,0,296,72,Labelled Demonstration Dataset
2024-10-07,Greater London Health Region,17.8,11.7,76.2,17.8,0,0,10,0,0,296,61,Labelled Demonstration Dataset
2024-10-08,Greater London Health Region,13.3,4.1,79.4,13.3,0,1,10,0,0,291,72,Labelled Demonstration Dataset
2024-10-09,Greater London Health Region,8.9,0.5,94.7,8.9,0,2,10,0,0,304,71,Labelled Demonstration Dataset
2024-10-10,Greater London Health Region,13.3,2.9,71.7,13.3,0,3,10,0,0,272,65,Labelled Demonstration Dataset
2024-10-11,Greater London Health Region,11.8,1.1,65.2,11.8,0,4,10,0,0,295,78,Labelled Demonstration Dataset
2024-10-12,Greater London Health Region,12.4,4.9,89.1,12.4,1,5,10,0,0,278,74,Labelled Demonstration Dataset
2024-10-13,Greater London Health Region,18.3,6.9,78.3,18.3,1,6,10,0,0,298,82,Labelled Demonstration Dataset
2024-10-14,Greater London Health Region,14.0,7.1,71.7,14.0,0,0,10,0,0,306,85,Labelled Demonstration Dataset
2024-10-15,Greater London Health Region,13.1,6.6,77.8,13.1,0,1,10,0,0,299,75,Labelled Demonstration Dataset
2024-10-16,Greater London Health Region,9.5,1.4,75.8,9.5,0,2,10,0,0,314,84,Labelled Demonstration Dataset
2024-10-17,Greater London Health Region,12.0,5.4,76.0,12.0,0,3,10,0,0,321,83,Labelled Demonstration Dataset
2024-10-18,Greater London Health Region,16.2,6.5,69.0,16.2,0,4,10,0,0,287,69,Labelled Demonstration Dataset
2024-10-19,Greater London Health Region,13.9,3.3,70.8,13.9,1,5,10,0,0,286,82,Labelled Demonstration Dataset
2024-10-20,Greater London Health Region,11.0,0.5,85.4,11.0,1,6,10,0,0,300,83,Labelled Demonstration Dataset
2024-10-21,Greater London Health Region,14.9,5.0,78.7,14.9,0,0,10,0,0,299,70,Labelled Demonstration Dataset
2024-10-22,Greater London Health Region,9.4,0.8,69.9,9.4,0,1,10,0,0,313,78,Labelled Demonstration Dataset
2024-10-23,Greater London Health Region,10.9,3.7,77.9,10.9,0,2,10,0,0,309,81,Labelled Demonstration Dataset
2024-10-24,Greater London Health Region,14.8,3.6,71.7,14.8,0,3,10,0,0,316,74,Labelled Demonstration Dataset
2024-10-25,Greater London Health Region,15.7,5.3,73.3,15.7,0,4,10,0,0,314,84,Labelled Demonstration Dataset
2024-10-26,Greater London Health Region,12.4,0.5,70.3,12.4,1,5,10,0,0,278,69,Labelled Demonstration Dataset
2024-10-27,Greater London Health Region,14.1,6.8,79.5,14.1,1,6,10,0,0,297,74,Labelled Demonstration Dataset
2024-10-28,Greater London Health Region,12.5,3.0,88.2,12.5,0,0,10,0,0,278,69,Labelled Demonstration Dataset
2024-10-29,Greater London Health Region,16.8,5.6,76.6,16.8,0,1,10,0,0,323,84,Labelled Demonstration Dataset
2024-10-30,Greater London Health Region,10.8,4.7,72.7,10.8,0,2,10,0,0,316,74,Labelled Demonstration Dataset
2024-10-31,Greater London Health Region,14.9,7.7,72.6,14.9,0,3,10,0,0,328,83,Labelled Demonstration Dataset
2024-11-01,Greater London Health Region,7.3,0.5,86.9,7.3,0,4,11,0,0,308,84,Labelled Demonstration Dataset
2024-11-02,Greater London Health Region,6.4,0.5,78.7,6.4,1,5,11,0,0,290,70,Labelled Demonstration Dataset
2024-11-03,Greater London Health Region,15.7,4.4,71.8,15.7,1,6,11,0,0,256,71,Labelled Demonstration Dataset
2024-11-04,Greater London Health Region,15.4,9.4,70.0,15.4,0,0,11,0,0,283,77,Labelled Demonstration Dataset
2024-11-05,Greater London Health Region,8.6,0.5,95.0,8.6,0,1,11,0,0,306,73,Labelled Demonstration Dataset
2024-11-06,Greater London Health Region,15.6,6.0,85.6,15.6,0,2,11,0,0,319,82,Labelled Demonstration Dataset
2024-11-07,Greater London Health Region,12.2,3.2,75.1,12.2,0,3,11,0,0,320,76,Labelled Demonstration Dataset
2024-11-08,Greater London Health Region,12.6,3.5,82.0,12.6,0,4,11,0,0,289,71,Labelled Demonstration Dataset
2024-11-09,Greater London Health Region,7.4,0.9,72.9,7.4,1,5,11,0,0,286,64,Labelled Demonstration Dataset
2024-11-10,Greater London Health Region,10.0,1.5,84.5,10.0,1,6,11,0,0,297,77,Labelled Demonstration Dataset
2024-11-11,Greater London Health Region,8.6,0.5,76.9,8.6,0,0,11,0,0,321,70,Labelled Demonstration Dataset
2024-11-12,Greater London Health Region,5.4,0.5,88.6,5.4,0,1,11,0,0,306,67,Labelled Demonstration Dataset
2024-11-13,Greater London Health Region,10.0,2.4,80.1,10.0,0,2,11,0,0,319,78,Labelled Demonstration Dataset
2024-11-14,Greater London Health Region,7.7,0.5,86.2,7.7,0,3,11,0,0,288,57,Labelled Demonstration Dataset
2024-11-15,Greater London Health Region,8.6,0.5,93.3,8.6,0,4,11,0,0,317,83,Labelled Demonstration Dataset
2024-11-16,Greater London Health Region,9.6,2.8,74.9,9.6,1,5,11,0,0,290,78,Labelled Demonstration Dataset
2024-11-17,Greater London Health Region,8.1,0.5,82.1,8.1,1,6,11,0,0,284,69,Labelled Demonstration Dataset
2024-11-18,Greater London Health Region,5.7,0.5,80.6,5.7,0,0,11,0,0,325,79,Labelled Demonstration Dataset
2024-11-19,Greater London Health Region,8.1,1.9,78.8,8.1,0,1,11,0,0,306,70,Labelled Demonstration Dataset
2024-11-20,Greater London Health Region,2.7,0.5,83.6,2.7,0,2,11,0,0,305,78,Labelled Demonstration Dataset
2024-11-21,Greater London Health Region,3.2,0.5,86.0,3.2,0,3,11,0,0,289,75,Labelled Demonstration Dataset
2024-11-22,Greater London Health Region,3.7,0.5,95.0,3.7,0,4,11,0,0,282,76,Labelled Demonstration Dataset
2024-11-23,Greater London Health Region,5.4,0.5,81.7,5.4,1,5,11,0,0,294,86,Labelled Demonstration Dataset
2024-11-24,Greater London Health Region,6.6,0.5,86.0,6.6,1,6,11,0,0,268,67,Labelled Demonstration Dataset
2024-11-25,Greater London Health Region,4.1,0.5,70.6,4.1,0,0,11,0,0,298,84,Labelled Demonstration Dataset
2024-11-26,Greater London Health Region,12.5,3.2,71.8,12.5,0,1,11,0,0,305,72,Labelled Demonstration Dataset
2024-11-27,Greater London Health Region,6.5,0.5,93.4,6.5,0,2,11,0,0,296,77,Labelled Demonstration Dataset
2024-11-28,Greater London Health Region,4.8,0.5,84.2,4.8,0,3,11,0,0,306,84,Labelled Demonstration Dataset
2024-11-29,Greater London Health Region,7.8,0.5,82.1,7.8,0,4,11,0,0,299,77,Labelled Demonstration Dataset
2024-11-30,Greater London Health Region,7.7,0.5,83.6,7.7,1,5,11,0,0,292,72,Labelled Demonstration Dataset
2024-12-01,Greater London Health Region,6.0,0.5,95.0,6.0,1,6,12,0,0,294,76,Labelled Demonstration Dataset
2024-12-02,Greater London Health Region,10.4,0.5,77.1,10.4,0,0,12,0,0,306,69,Labelled Demonstration Dataset
2024-12-03,Greater London Health Region,9.1,0.5,78.1,9.1,0,1,12,0,0,321,82,Labelled Demonstration Dataset
2024-12-04,Greater London Health Region,8.5,0.5,81.6,8.5,0,2,12,0,0,311,73,Labelled Demonstration Dataset
2024-12-05,Greater London Health Region,4.2,0.5,94.1,4.2,0,3,12,0,0,301,77,Labelled Demonstration Dataset
2024-12-06,Greater London Health Region,4.4,0.5,84.6,4.4,0,4,12,0,0,291,74,Labelled Demonstration Dataset
2024-12-07,Greater London Health Region,12.1,5.6,72.1,12.1,1,5,12,0,0,282,71,Labelled Demonstration Dataset
2024-12-08,Greater London Health Region,7.4,0.5,84.2,7.4,1,6,12,0,0,265,68,Labelled Demonstration Dataset
2024-12-09,Greater London Health Region,5.2,0.5,92.7,5.2,0,0,12,0,0,305,74,Labelled Demonstration Dataset
2024-12-10,Greater London Health Region,11.0,0.5,81.1,11.0,0,1,12,0,0,307,74,Labelled Demonstration Dataset
2024-12-11,Greater London Health Region,6.6,0.5,83.3,6.6,0,2,12,0,0,330,84,Labelled Demonstration Dataset
2024-12-12,Greater London Health Region,4.5,0.5,75.9,4.5,0,3,12,0,0,275,65,Labelled Demonstration Dataset
2024-12-13,Greater London Health Region,9.3,1.3,81.7,9.3,0,4,12,0,0,312,73,Labelled Demonstration Dataset
2024-12-14,Greater London Health Region,3.6,0.5,86.2,3.6,1,5,12,0,0,302,73,Labelled Demonstration Dataset
2024-12-15,Greater London Health Region,8.9,0.8,91.4,8.9,1,6,12,0,0,278,75,Labelled Demonstration Dataset
2024-12-16,Greater London Health Region,5.2,0.5,87.6,5.2,0,0,12,0,0,288,77,Labelled Demonstration Dataset
2024-12-17,Greater London Health Region,3.6,0.5,89.9,3.6,0,1,12,0,0,299,77,Labelled Demonstration Dataset
2024-12-18,Greater London Health Region,3.4,0.5,93.6,3.4,0,2,12,0,0,306,86,Labelled Demonstration Dataset
2024-12-19,Greater London Health Region,1.9,0.5,86.7,1.9,0,3,12,0,0,319,73,Labelled Demonstration Dataset
2024-12-20,Greater London Health Region,7.0,0.5,88.6,7.0,0,4,12,0,0,310,76,Labelled Demonstration Dataset
2024-12-21,Greater London Health Region,6.8,0.5,95.0,6.8,1,5,12,0,0,256,52,Labelled Demonstration Dataset
2024-12-22,Greater London Health Region,5.1,0.5,93.5,5.1,1,6,12,0,0,272,67,Labelled Demonstration Dataset
2024-12-23,Greater London Health Region,5.6,0.5,87.4,5.6,0,0,12,0,0,298,78,Labelled Demonstration Dataset
2024-12-24,Greater London Health Region,5.2,0.5,88.7,5.2,0,1,12,0,0,291,78,Labelled Demonstration Dataset
2024-12-25,Greater London Health Region,2.9,0.5,94.4,2.9,0,2,12,0,0,309,74,Labelled Demonstration Dataset
2024-12-26,Greater London Health Region,1.7,0.5,91.5,1.7,0,3,12,0,0,304,74,Labelled Demonstration Dataset
2024-12-27,Greater London Health Region,6.8,0.5,75.1,6.8,0,4,12,0,0,319,75,Labelled Demonstration Dataset
2024-12-28,Greater London Health Region,5.7,0.5,91.6,5.7,1,5,12,0,0,278,68,Labelled Demonstration Dataset
2024-12-29,Greater London Health Region,4.5,0.5,94.6,4.5,1,6,12,0,0,284,76,Labelled Demonstration Dataset
2024-12-30,Greater London Health Region,5.1,0.5,90.7,5.1,0,0,12,0,0,307,81,Labelled Demonstration Dataset
2024-12-31,Greater London Health Region,1.0,0.5,95.0,1.0,0,1,12,0,0,325,79,Labelled Demonstration Dataset
2025-01-01,Greater London Health Region,6.9,0.5,86.1,6.9,0,2,1,0,0,327,88,Labelled Demonstration Dataset
2025-01-02,Greater London Health Region,9.1,1.7,86.5,9.1,0,3,1,0,0,291,72,Labelled Demonstration Dataset
2025-01-03,Greater London Health Region,3.4,0.5,74.5,3.4,0,4,1,0,0,306,79,Labelled Demonstration Dataset
2025-01-04,Greater London Health Region,4.3,0.5,95.0,4.3,1,5,1,0,0,278,68,Labelled Demonstration Dataset
2025-01-05,Greater London Health Region,2.8,0.5,76.4,2.8,1,6,1,0,0,273,64,Labelled Demonstration Dataset
2025-01-06,Greater London Health Region,1.0,0.5,91.3,1.0,0,0,1,0,0,292,69,Labelled Demonstration Dataset
2025-01-07,Greater London Health Region,3.5,0.5,88.8,3.5,0,1,1,0,0,300,71,Labelled Demonstration Dataset
2025-01-08,Greater London Health Region,5.0,0.5,95.0,5.0,0,2,1,0,0,310,76,Labelled Demonstration Dataset
2025-01-09,Greater London Health Region,1.7,0.5,89.8,1.7,0,3,1,0,0,300,71,Labelled Demonstration Dataset
2025-01-10,Greater London Health Region,7.2,0.5,84.5,7.2,0,4,1,0,0,299,71,Labelled Demonstration Dataset
2025-01-11,Greater London Health Region,1.0,0.5,80.7,1.0,1,5,1,0,0,283,73,Labelled Demonstration Dataset
2025-01-12,Greater London Health Region,1.0,0.5,95.0,1.0,1,6,1,0,0,282,67,Labelled Demonstration Dataset
2025-01-13,Greater London Health Region,1.9,0.5,92.8,1.9,0,0,1,0,0,274,64,Labelled Demonstration Dataset
2025-01-14,Greater London Health Region,3.4,0.5,83.0,3.4,0,1,1,0,0,312,77,Labelled Demonstration Dataset
2025-01-15,Greater London Health Region,7.7,0.5,90.7,7.7,0,2,1,0,0,303,75,Labelled Demonstration Dataset
2025-01-16,Greater London Health Region,6.1,0.5,87.1,6.1,0,3,1,0,0,310,80,Labelled Demonstration Dataset
2025-01-17,Greater London Health Region,4.2,0.5,83.5,4.2,0,4,1,0,0,304,74,Labelled Demonstration Dataset
2025-01-18,Greater London Health Region,3.6,0.5,77.4,3.6,1,5,1,0,0,252,66,Labelled Demonstration Dataset
2025-01-19,Greater London Health Region,6.6,0.5,92.8,6.6,1,6,1,0,0,270,76,Labelled Demonstration Dataset
2025-01-20,Greater London Health Region,1.0,0.5,95.0,1.0,0,0,1,0,0,301,82,Labelled Demonstration Dataset
2025-01-21,Greater London Health Region,5.7,0.5,89.1,5.7,0,1,1,0,0,303,79,Labelled Demonstration Dataset
2025-01-22,Greater London Health Region,6.5,0.5,74.7,6.5,0,2,1,0,0,327,85,Labelled Demonstration Dataset
2025-01-23,Greater London Health Region,1.2,0.5,95.0,1.2,0,3,1,0,0,289,71,Labelled Demonstration Dataset
2025-01-24,Greater London Health Region,3.2,0.5,93.8,3.2,0,4,1,0,0,305,75,Labelled Demonstration Dataset
2025-01-25,Greater London Health Region,1.0,0.5,95.0,1.0,1,5,1,0,0,256,59,Labelled Demonstration Dataset
2025-01-26,Greater London Health Region,7.1,0.5,94.2,7.1,1,6,1,0,0,306,74,Labelled Demonstration Dataset
2025-01-27,Greater London Health Region,4.1,0.5,81.2,4.1,0,0,1,0,0,312,78,Labelled Demonstration Dataset
2025-01-28,Greater London Health Region,3.0,0.5,88.7,3.0,0,1,1,0,0,289,70,Labelled Demonstration Dataset
2025-01-29,Greater London Health Region,1.0,0.5,89.7,1.0,0,2,1,0,0,314,76,Labelled Demonstration Dataset
2025-01-30,Greater London Health Region,7.9,0.5,85.7,7.9,0,3,1,0,0,283,63,Labelled Demonstration Dataset
2025-01-31,Greater London Health Region,6.0,0.5,73.6,6.0,0,4,1,0,0,329,93,Labelled Demonstration Dataset
2025-02-01,Greater London Health Region,6.4,0.5,88.3,6.4,1,5,2,0,0,265,61,Labelled Demonstration Dataset
2025-02-02,Greater London Health Region,1.0,0.5,86.6,1.0,1,6,2,0,0,252,66,Labelled Demonstration Dataset
2025-02-03,Greater London Health Region,1.4,0.5,92.8,1.4,0,0,2,0,0,302,87,Labelled Demonstration Dataset
2025-02-04,Greater London Health Region,5.5,0.5,91.8,5.5,0,1,2,0,0,287,74,Labelled Demonstration Dataset
2025-02-05,Greater London Health Region,3.3,0.5,88.4,3.3,0,2,2,0,0,283,71,Labelled Demonstration Dataset
2025-02-06,Greater London Health Region,5.6,0.5,95.0,5.6,0,3,2,0,0,309,75,Labelled Demonstration Dataset
2025-02-07,Greater London Health Region,5.7,0.5,84.1,5.7,0,4,2,0,0,303,69,Labelled Demonstration Dataset
2025-02-08,Greater London Health Region,4.9,0.5,89.5,4.9,1,5,2,0,0,255,70,Labelled Demonstration Dataset
2025-02-09,Greater London Health Region,2.3,0.5,86.3,2.3,1,6,2,0,0,283,58,Labelled Demonstration Dataset
2025-02-10,Greater London Health Region,13.2,2.0,75.5,13.2,0,0,2,0,0,304,77,Labelled Demonstration Dataset
2025-02-11,Greater London Health Region,6.7,0.5,88.8,6.7,0,1,2,0,0,321,79,Labelled Demonstration Dataset
2025-02-12,Greater London Health Region,4.8,0.5,93.3,4.8,0,2,2,0,0,314,79,Labelled Demonstration Dataset
2025-02-13,Greater London Health Region,5.3,0.5,84.3,5.3,0,3,2,0,0,318,85,Labelled Demonstration Dataset
2025-02-14,Greater London Health Region,4.2,0.5,83.5,4.2,0,4,2,0,0,296,78,Labelled Demonstration Dataset
2025-02-15,Greater London Health Region,8.4,0.6,86.0,8.4,1,5,2,0,0,287,75,Labelled Demonstration Dataset
2025-02-16,Greater London Health Region,6.9,0.5,81.2,6.9,1,6,2,0,0,296,77,Labelled Demonstration Dataset
2025-02-17,Greater London Health Region,6.7,0.5,91.4,6.7,0,0,2,0,0,293,73,Labelled Demonstration Dataset
2025-02-18,Greater London Health Region,1.0,0.5,82.0,1.0,0,1,2,0,0,293,71,Labelled Demonstration Dataset
2025-02-19,Greater London Health Region,1.0,0.5,93.1,1.0,0,2,2,0,0,325,81,Labelled Demonstration Dataset
2025-02-20,Greater London Health Region,5.4,0.5,87.0,5.4,0,3,2,0,0,282,66,Labelled Demonstration Dataset
2025-02-21,Greater London Health Region,3.8,0.5,82.8,3.8,0,4,2,0,0,302,79,Labelled Demonstration Dataset
2025-02-22,Greater London Health Region,5.4,0.5,90.3,5.4,1,5,2,0,0,288,65,Labelled Demonstration Dataset
2025-02-23,Greater London Health Region,6.5,0.5,86.9,6.5,1,6,2,0,0,268,68,Labelled Demonstration Dataset
2025-02-24,Greater London Health Region,6.4,0.5,91.3,6.4,0,0,2,0,0,330,88,Labelled Demonstration Dataset
2025-02-25,Greater London Health Region,7.2,0.5,81.4,7.2,0,1,2,0,0,316,81,Labelled Demonstration Dataset
2025-02-26,Greater London Health Region,7.4,0.5,92.3,7.4,0,2,2,0,0,310,74,Labelled Demonstration Dataset
2025-02-27,Greater London Health Region,6.7,0.5,74.3,6.7,0,3,2,0,0,309,72,Labelled Demonstration Dataset
2025-02-28,Greater London Health Region,5.0,0.5,87.1,5.0,0,4,2,0,0,300,75,Labelled Demonstration Dataset
2025-03-01,Greater London Health Region,9.5,1.6,76.4,9.5,1,5,3,0,0,276,65,Labelled Demonstration Dataset
2025-03-02,Greater London Health Region,9.3,1.4,78.9,9.3,1,6,3,0,0,283,71,Labelled Demonstration Dataset
2025-03-03,Greater London Health Region,9.8,1.5,80.4,9.8,0,0,3,0,0,304,85,Labelled Demonstration Dataset
2025-03-04,Greater London Health Region,12.1,1.9,70.5,12.1,0,1,3,0,0,318,85,Labelled Demonstration Dataset
2025-03-05,Greater London Health Region,7.8,0.5,84.8,7.8,0,2,3,0,0,307,75,Labelled Demonstration Dataset
2025-03-06,Greater London Health Region,6.3,0.5,86.3,6.3,0,3,3,0,0,305,79,Labelled Demonstration Dataset
2025-03-07,Greater London Health Region,3.4,0.5,75.1,3.4,0,4,3,0,0,285,64,Labelled Demonstration Dataset
2025-03-08,Greater London Health Region,11.6,0.5,77.2,11.6,1,5,3,0,0,288,66,Labelled Demonstration Dataset
2025-03-09,Greater London Health Region,11.2,3.9,79.1,11.2,1,6,3,0,0,293,81,Labelled Demonstration Dataset
2025-03-10,Greater London Health Region,6.0,0.5,83.3,6.0,0,0,3,0,0,292,78,Labelled Demonstration Dataset
2025-03-11,Greater London Health Region,4.8,0.5,95.0,4.8,0,1,3,0,0,307,76,Labelled Demonstration Dataset
2025-03-12,Greater London Health Region,5.8,0.5,77.6,5.8,0,2,3,0,0,305,71,Labelled Demonstration Dataset
2025-03-13,Greater London Health Region,10.8,4.7,77.0,10.8,0,3,3,0,0,283,65,Labelled Demonstration Dataset
2025-03-14,Greater London Health Region,8.1,0.5,67.4,8.1,0,4,3,0,0,338,88,Labelled Demonstration Dataset
2025-03-15,Greater London Health Region,8.9,0.5,80.7,8.9,1,5,3,0,0,308,78,Labelled Demonstration Dataset
2025-03-16,Greater London Health Region,12.2,1.6,74.0,12.2,1,6,3,0,0,286,71,Labelled Demonstration Dataset
2025-03-17,Greater London Health Region,11.2,4.5,83.1,11.2,0,0,3,0,0,318,75,Labelled Demonstration Dataset
2025-03-18,Greater London Health Region,2.9,0.5,91.1,2.9,0,1,3,0,0,307,77,Labelled Demonstration Dataset
2025-03-19,Greater London Health Region,10.0,0.5,82.5,10.0,0,2,3,0,0,273,63,Labelled Demonstration Dataset
2025-03-20,Greater London Health Region,8.5,1.1,81.7,8.5,0,3,3,0,0,303,67,Labelled Demonstration Dataset
2025-03-21,Greater London Health Region,9.3,3.0,91.8,9.3,0,4,3,0,0,312,78,Labelled Demonstration Dataset
2025-03-22,Greater London Health Region,9.4,2.0,77.8,9.4,1,5,3,0,0,274,66,Labelled Demonstration Dataset
2025-03-23,Greater London Health Region,14.0,4.5,79.5,14.0,1,6,3,0,0,284,69,Labelled Demonstration Dataset
2025-03-24,Greater London Health Region,6.4,0.5,94.8,6.4,0,0,3,0,0,293,66,Labelled Demonstration Dataset
2025-03-25,Greater London Health Region,9.8,1.0,84.0,9.8,0,1,3,0,0,309,80,Labelled Demonstration Dataset
2025-03-26,Greater London Health Region,7.4,0.5,83.2,7.4,0,2,3,0,0,282,71,Labelled Demonstration Dataset
2025-03-27,Greater London Health Region,16.9,10.4,72.8,16.9,0,3,3,0,0,316,75,Labelled Demonstration Dataset
2025-03-28,Greater London Health Region,17.5,8.9,60.6,17.5,0,4,3,0,0,285,69,Labelled Demonstration Dataset
2025-03-29,Greater London Health Region,9.8,0.5,84.8,9.8,1,5,3,0,0,280,71,Labelled Demonstration Dataset
2025-03-30,Greater London Health Region,10.0,0.5,71.3,10.0,1,6,3,0,0,282,67,Labelled Demonstration Dataset
2025-03-31,Greater London Health Region,12.7,2.2,77.9,12.7,0,0,3,0,0,303,69,Labelled Demonstration Dataset
2025-04-01,Greater London Health Region,8.7,0.5,87.5,8.7,0,1,4,0,0,291,75,Labelled Demonstration Dataset
2025-04-02,Greater London Health Region,16.2,7.2,75.7,16.2,0,2,4,0,0,313,77,Labelled Demonstration Dataset
2025-04-03,Greater London Health Region,13.8,6.5,68.8,13.8,0,3,4,0,0,317,76,Labelled Demonstration Dataset
2025-04-04,Greater London Health Region,10.7,2.1,81.8,10.7,0,4,4,0,0,304,73,Labelled Demonstration Dataset
2025-04-05,Greater London Health Region,9.9,2.2,83.2,9.9,1,5,4,0,0,290,71,Labelled Demonstration Dataset
2025-04-06,Greater London Health Region,10.5,2.1,88.3,10.5,1,6,4,0,0,283,71,Labelled Demonstration Dataset
2025-04-07,Greater London Health Region,12.9,4.8,81.0,12.9,0,0,4,0,0,295,77,Labelled Demonstration Dataset
2025-04-08,Greater London Health Region,6.9,0.5,90.1,6.9,0,1,4,0,0,295,70,Labelled Demonstration Dataset
2025-04-09,Greater London Health Region,8.4,2.2,83.1,8.4,0,2,4,0,0,299,78,Labelled Demonstration Dataset
2025-04-10,Greater London Health Region,13.5,4.9,80.3,13.5,0,3,4,0,0,312,91,Labelled Demonstration Dataset
2025-04-11,Greater London Health Region,10.9,2.8,85.7,10.9,0,4,4,0,0,302,80,Labelled Demonstration Dataset
2025-04-12,Greater London Health Region,13.1,4.1,86.3,13.1,1,5,4,0,0,285,64,Labelled Demonstration Dataset
2025-04-13,Greater London Health Region,12.0,0.9,72.4,12.0,1,6,4,0,0,243,61,Labelled Demonstration Dataset
2025-04-14,Greater London Health Region,15.1,7.1,77.3,15.1,0,0,4,0,0,319,83,Labelled Demonstration Dataset
2025-04-15,Greater London Health Region,11.1,0.5,82.2,11.1,0,1,4,0,0,280,71,Labelled Demonstration Dataset
2025-04-16,Greater London Health Region,12.7,5.9,77.3,12.7,0,2,4,0,0,314,65,Labelled Demonstration Dataset
2025-04-17,Greater London Health Region,12.1,4.3,72.3,12.1,0,3,4,0,0,314,72,Labelled Demonstration Dataset
2025-04-18,Greater London Health Region,16.5,8.0,76.0,16.5,0,4,4,0,0,290,66,Labelled Demonstration Dataset
2025-04-19,Greater London Health Region,17.3,10.2,75.7,17.3,1,5,4,0,0,290,71,Labelled Demonstration Dataset
2025-04-20,Greater London Health Region,13.1,3.6,85.8,13.1,1,6,4,0,0,271,68,Labelled Demonstration Dataset
2025-04-21,Greater London Health Region,20.4,13.4,70.8,20.4,0,0,4,0,0,310,84,Labelled Demonstration Dataset
2025-04-22,Greater London Health Region,17.2,9.4,63.3,17.2,0,1,4,0,0,318,83,Labelled Demonstration Dataset
2025-04-23,Greater London Health Region,15.5,6.4,68.7,15.5,0,2,4,0,0,313,77,Labelled Demonstration Dataset
2025-04-24,Greater London Health Region,17.1,6.8,77.8,17.1,0,3,4,0,0,316,78,Labelled Demonstration Dataset
2025-04-25,Greater London Health Region,19.0,7.8,75.7,19.0,0,4,4,0,0,316,75,Labelled Demonstration Dataset
2025-04-26,Greater London Health Region,14.2,6.2,69.4,14.2,1,5,4,0,0,294,78,Labelled Demonstration Dataset
2025-04-27,Greater London Health Region,18.0,9.0,71.9,18.0,1,6,4,0,0,264,64,Labelled Demonstration Dataset
2025-04-28,Greater London Health Region,18.3,10.0,76.1,18.3,0,0,4,0,0,304,78,Labelled Demonstration Dataset
2025-04-29,Greater London Health Region,18.7,7.8,64.6,18.7,0,1,4,0,0,312,78,Labelled Demonstration Dataset
2025-04-30,Greater London Health Region,16.6,6.3,69.1,16.6,0,2,4,0,0,301,76,Labelled Demonstration Dataset
2025-05-01,Greater London Health Region,17.5,9.1,80.3,17.5,0,3,5,0,0,298,70,Labelled Demonstration Dataset
2025-05-02,Greater London Health Region,19.0,9.0,67.8,19.0,0,4,5,0,0,295,77,Labelled Demonstration Dataset
2025-05-03,Greater London Health Region,20.4,9.4,80.1,20.4,1,5,5,0,0,274,69,Labelled Demonstration Dataset
2025-05-04,Greater London Health Region,11.9,4.1,81.2,11.9,1,6,5,0,0,297,66,Labelled Demonstration Dataset
2025-05-05,Greater London Health Region,21.0,12.6,62.6,21.0,0,0,5,0,0,297,65,Labelled Demonstration Dataset
2025-05-06,Greater London Health Region,14.2,7.9,83.4,14.2,0,1,5,0,0,312,77,Labelled Demonstration Dataset
2025-05-07,Greater London Health Region,21.9,12.1,73.6,21.9,0,2,5,0,0,299,68,Labelled Demonstration Dataset
2025-05-08,Greater London Health Region,16.6,8.9,74.6,16.6,0,3,5,0,0,297,65,Labelled Demonstration Dataset
2025-05-09,Greater London Health Region,14.0,2.2,76.7,14.0,0,4,5,0,0,301,70,Labelled Demonstration Dataset
2025-05-10,Greater London Health Region,20.8,12.3,74.3,20.8,1,5,5,0,0,264,57,Labelled Demonstration Dataset
2025-05-11,Greater London Health Region,15.8,6.9,70.1,15.8,1,6,5,0,0,267,61,Labelled Demonstration Dataset
2025-05-12,Greater London Health Region,19.1,9.5,70.5,19.1,0,0,5,0,0,303,76,Labelled Demonstration Dataset
2025-05-13,Greater London Health Region,19.2,9.5,65.1,19.2,0,1,5,0,0,286,75,Labelled Demonstration Dataset
2025-05-14,Greater London Health Region,21.2,11.0,60.7,21.2,0,2,5,0,0,282,75,Labelled Demonstration Dataset
2025-05-15,Greater London Health Region,20.9,9.7,58.7,20.9,0,3,5,0,0,312,79,Labelled Demonstration Dataset
2025-05-16,Greater London Health Region,20.3,10.1,60.7,20.3,0,4,5,0,0,292,81,Labelled Demonstration Dataset
2025-05-17,Greater London Health Region,19.4,11.9,68.2,19.4,1,5,5,0,0,288,71,Labelled Demonstration Dataset
2025-05-18,Greater London Health Region,22.8,15.7,63.6,22.8,1,6,5,0,0,267,66,Labelled Demonstration Dataset
2025-05-19,Greater London Health Region,20.5,11.9,69.5,20.5,0,0,5,0,0,298,66,Labelled Demonstration Dataset
2025-05-20,Greater London Health Region,24.9,15.1,71.4,24.9,0,1,5,0,0,316,74,Labelled Demonstration Dataset
2025-05-21,Greater London Health Region,20.9,14.8,71.3,20.9,0,2,5,0,0,294,70,Labelled Demonstration Dataset
2025-05-22,Greater London Health Region,17.2,10.8,67.4,17.2,0,3,5,0,0,328,80,Labelled Demonstration Dataset
2025-05-23,Greater London Health Region,24.9,18.4,69.1,24.9,0,4,5,0,0,311,80,Labelled Demonstration Dataset
2025-05-24,Greater London Health Region,20.4,13.2,73.0,20.4,1,5,5,0,0,299,78,Labelled Demonstration Dataset
2025-05-25,Greater London Health Region,20.8,14.4,78.3,20.8,1,6,5,0,0,289,71,Labelled Demonstration Dataset
2025-05-26,Greater London Health Region,23.7,16.1,78.7,23.7,0,0,5,0,0,316,77,Labelled Demonstration Dataset
2025-05-27,Greater London Health Region,23.9,15.2,68.2,23.9,0,1,5,0,0,286,74,Labelled Demonstration Dataset
2025-05-28,Greater London Health Region,18.9,10.2,80.6,18.9,0,2,5,0,0,312,78,Labelled Demonstration Dataset
2025-05-29,Greater London Health Region,19.4,13.3,59.1,19.4,0,3,5,0,0,305,66,Labelled Demonstration Dataset
2025-05-30,Greater London Health Region,21.0,9.4,63.7,21.0,0,4,5,0,0,308,75,Labelled Demonstration Dataset
2025-05-31,Greater London Health Region,26.4,18.8,55.2,27.1,1,5,5,0,0,276,67,Labelled Demonstration Dataset
2025-06-01,Greater London Health Region,23.6,12.7,66.7,23.6,1,6,6,0,0,270,69,Labelled Demonstration Dataset
2025-06-02,Greater London Health Region,18.3,10.8,64.3,18.3,0,0,6,0,0,346,92,Labelled Demonstration Dataset
2025-06-03,Greater London Health Region,17.4,6.4,64.2,17.4,0,1,6,0,0,295,78,Labelled Demonstration Dataset
2025-06-04,Greater London Health Region,18.1,9.1,63.1,18.1,0,2,6,0,0,301,70,Labelled Demonstration Dataset
2025-06-05,Greater London Health Region,22.2,15.0,84.3,22.2,0,3,6,0,0,310,81,Labelled Demonstration Dataset
2025-06-06,Greater London Health Region,22.3,11.8,67.2,22.3,0,4,6,0,0,333,77,Labelled Demonstration Dataset
2025-06-07,Greater London Health Region,23.3,16.2,59.5,23.3,1,5,6,0,0,265,69,Labelled Demonstration Dataset
2025-06-08,Greater London Health Region,22.3,15.3,76.7,22.3,1,6,6,0,0,270,61,Labelled Demonstration Dataset
2025-06-09,Greater London Health Region,21.5,12.4,65.3,21.5,0,0,6,0,0,285,74,Labelled Demonstration Dataset
2025-06-10,Greater London Health Region,21.8,14.4,63.3,21.8,0,1,6,0,0,319,90,Labelled Demonstration Dataset
2025-06-11,Greater London Health Region,17.6,8.4,60.6,17.6,0,2,6,0,0,320,85,Labelled Demonstration Dataset
2025-06-12,Greater London Health Region,22.4,13.9,58.3,22.4,0,3,6,0,0,309,81,Labelled Demonstration Dataset
2025-06-13,Greater London Health Region,19.5,9.9,70.1,19.5,0,4,6,0,0,300,71,Labelled Demonstration Dataset
2025-06-14,Greater London Health Region,23.9,16.7,59.5,23.9,1,5,6,0,0,292,71,Labelled Demonstration Dataset
2025-06-15,Greater London Health Region,22.8,14.3,56.9,22.8,1,6,6,0,0,279,65,Labelled Demonstration Dataset
2025-06-16,Greater London Health Region,28.8,18.7,64.2,31.3,0,0,6,0,0,331,96,Labelled Demonstration Dataset
2025-06-17,Greater London Health Region,24.0,12.9,66.5,24.0,0,1,6,0,0,275,67,Labelled Demonstration Dataset
2025-06-18,Greater London Health Region,22.2,15.1,74.9,22.2,0,2,6,0,0,293,72,Labelled Demonstration Dataset
2025-06-19,Greater London Health Region,26.7,15.3,58.2,27.7,0,3,6,0,0,301,79,Labelled Demonstration Dataset
2025-06-20,Greater London Health Region,24.6,18.2,63.7,24.6,0,4,6,0,0,296,75,Labelled Demonstration Dataset
2025-06-21,Greater London Health Region,26.7,18.1,58.0,27.7,1,5,6,0,0,264,62,Labelled Demonstration Dataset
2025-06-22,Greater London Health Region,19.4,13.0,60.9,19.4,1,6,6,0,0,271,56,Labelled Demonstration Dataset
2025-06-23,Greater London Health Region,26.0,15.7,69.4,27.6,0,0,6,0,0,302,86,Labelled Demonstration Dataset
2025-06-24,Greater London Health Region,24.1,17.7,73.2,24.1,0,1,6,0,0,311,85,Labelled Demonstration Dataset
2025-06-25,Greater London Health Region,25.5,14.7,67.1,25.5,0,2,6,0,0,288,72,Labelled Demonstration Dataset
2025-06-26,Greater London Health Region,26.7,16.2,70.1,28.7,0,3,6,0,0,298,72,Labelled Demonstration Dataset
2025-06-27,Greater London Health Region,24.4,13.0,66.5,24.4,0,4,6,0,0,312,85,Labelled Demonstration Dataset
2025-06-28,Greater London Health Region,25.9,16.4,63.8,25.9,1,5,6,0,0,265,68,Labelled Demonstration Dataset
2025-06-29,Greater London Health Region,37.4,30.2,46.8,38.9,1,6,6,0,1,650,212,Labelled Demonstration Dataset
2025-06-30,Greater London Health Region,34.1,25.1,43.6,34.4,0,0,6,1,2,542,173,Labelled Demonstration Dataset
2025-07-01,Greater London Health Region,36.2,28.6,55.7,40.0,0,1,7,1,3,650,214,Labelled Demonstration Dataset
2025-07-02,Greater London Health Region,32.9,25.3,56.8,35.9,0,2,7,1,4,523,150,Labelled Demonstration Dataset
2025-07-03,Greater London Health Region,33.5,23.5,44.6,34.0,0,3,7,1,5,573,176,Labelled Demonstration Dataset
2025-07-04,Greater London Health Region,29.2,19.0,61.5,31.6,0,4,7,1,6,334,79,Labelled Demonstration Dataset
2025-07-05,Greater London Health Region,32.1,22.1,45.1,32.6,1,5,7,1,7,464,133,Labelled Demonstration Dataset
2025-07-06,Greater London Health Region,22.9,11.5,69.9,22.9,1,6,7,0,0,273,71,Labelled Demonstration Dataset
2025-07-07,Greater London Health Region,21.8,15.2,67.6,21.8,0,0,7,0,0,315,81,Labelled Demonstration Dataset
2025-07-08,Greater London Health Region,20.9,14.8,66.5,20.9,0,1,7,0,0,322,77,Labelled Demonstration Dataset
2025-07-09,Greater London Health Region,18.5,8.6,74.6,18.5,0,2,7,0,0,313,84,Labelled Demonstration Dataset
2025-07-10,Greater London Health Region,25.1,15.7,69.4,25.1,0,3,7,0,0,318,81,Labelled Demonstration Dataset
2025-07-11,Greater London Health Region,28.9,17.0,68.8,32.1,0,4,7,0,0,324,93,Labelled Demonstration Dataset
2025-07-12,Greater London Health Region,21.5,14.1,76.4,21.5,1,5,7,0,0,289,73,Labelled Demonstration Dataset
2025-07-13,Greater London Health Region,23.4,14.2,68.3,23.4,1,6,7,0,0,288,76,Labelled Demonstration Dataset
2025-07-14,Greater London Health Region,22.2,13.5,67.1,22.2,0,0,7,0,0,321,86,Labelled Demonstration Dataset
2025-07-15,Greater London Health Region,25.7,18.7,61.2,25.7,0,1,7,0,0,332,83,Labelled Demonstration Dataset
2025-07-16,Greater London Health Region,27.0,19.3,68.6,29.1,0,2,7,0,0,310,72,Labelled Demonstration Dataset
2025-07-17,Greater London Health Region,20.4,10.2,70.8,20.4,0,3,7,0,0,332,80,Labelled Demonstration Dataset
2025-07-18,Greater London Health Region,23.0,16.9,67.5,23.0,0,4,7,0,0,312,84,Labelled Demonstration Dataset
2025-07-19,Greater London Health Region,26.5,15.7,64.2,27.9,1,5,7,0,0,280,72,Labelled Demonstration Dataset
2025-07-20,Greater London Health Region,16.4,9.5,71.5,16.4,1,6,7,0,0,256,66,Labelled Demonstration Dataset
2025-07-21,Greater London Health Region,24.4,14.8,68.3,24.4,0,0,7,0,0,298,73,Labelled Demonstration Dataset
2025-07-22,Greater London Health Region,23.7,17.2,61.9,23.7,0,1,7,0,0,318,80,Labelled Demonstration Dataset
2025-07-23,Greater London Health Region,24.9,17.6,67.9,24.9,0,2,7,0,0,313,74,Labelled Demonstration Dataset
2025-07-24,Greater London Health Region,26.6,14.6,57.3,27.5,0,3,7,0,0,309,77,Labelled Demonstration Dataset
2025-07-25,Greater London Health Region,27.4,21.0,59.4,28.8,0,4,7,0,0,299,74,Labelled Demonstration Dataset
2025-07-26,Greater London Health Region,23.2,16.8,60.7,23.2,1,5,7,0,0,270,63,Labelled Demonstration Dataset
2025-07-27,Greater London Health Region,18.6,12.0,69.3,18.6,1,6,7,0,0,276,67,Labelled Demonstration Dataset
2025-07-28,Greater London Health Region,23.6,15.9,67.6,23.6,0,0,7,0,0,296,79,Labelled Demonstration Dataset
2025-07-29,Greater London Health Region,28.3,20.8,54.5,29.5,0,1,7,0,1,338,82,Labelled Demonstration Dataset
2025-07-30,Greater London Health Region,31.3,20.1,57.4,33.9,0,2,7,1,2,387,109,Labelled Demonstration Dataset
2025-07-31,Greater London Health Region,35.4,25.9,52.2,38.0,0,3,7,1,3,641,203,Labelled Demonstration Dataset
2025-08-01,Greater London Health Region,28.7,22.2,63.2,31.1,0,4,8,1,4,305,78,Labelled Demonstration Dataset
2025-08-02,Greater London Health Region,30.6,21.2,42.3,30.5,1,5,8,1,5,394,113,Labelled Demonstration Dataset
2025-08-03,Greater London Health Region,31.9,20.9,59.6,35.1,1,6,8,1,6,427,120,Labelled Demonstration Dataset
2025-08-04,Greater London Health Region,38.0,29.1,47.0,39.7,0,0,8,1,7,650,220,Labelled Demonstration Dataset
2025-08-05,Greater London Health Region,31.2,22.5,61.9,34.5,0,1,8,1,8,425,122,Labelled Demonstration Dataset
2025-08-06,Greater London Health Region,24.1,14.6,56.5,24.1,0,2,8,0,0,336,83,Labelled Demonstration Dataset
2025-08-07,Greater London Health Region,24.1,15.9,55.0,24.1,0,3,8,0,0,292,75,Labelled Demonstration Dataset
2025-08-08,Greater London Health Region,19.3,11.6,71.6,19.3,0,4,8,0,0,296,71,Labelled Demonstration Dataset
2025-08-09,Greater London Health Region,21.5,9.9,72.2,21.5,1,5,8,0,0,280,72,Labelled Demonstration Dataset
2025-08-10,Greater London Health Region,22.0,11.2,60.6,22.0,1,6,8,0,0,269,66,Labelled Demonstration Dataset
2025-08-11,Greater London Health Region,26.5,15.7,62.4,27.8,0,0,8,0,0,312,73,Labelled Demonstration Dataset
2025-08-12,Greater London Health Region,20.8,9.6,64.0,20.8,0,1,8,0,0,293,68,Labelled Demonstration Dataset
2025-08-13,Greater London Health Region,24.4,13.9,71.1,24.4,0,2,8,0,0,303,69,Labelled Demonstration Dataset
2025-08-14,Greater London Health Region,20.6,11.7,66.7,20.6,0,3,8,0,0,291,69,Labelled Demonstration Dataset
2025-08-15,Greater London Health Region,23.5,14.7,63.7,23.5,0,4,8,0,0,327,80,Labelled Demonstration Dataset
2025-08-16,Greater London Health Region,22.4,13.8,58.8,22.4,1,5,8,0,0,272,74,Labelled Demonstration Dataset
2025-08-17,Greater London Health Region,21.3,15.1,69.7,21.3,1,6,8,0,0,271,62,Labelled Demonstration Dataset
2025-08-18,Greater London Health Region,29.6,18.1,58.8,31.8,0,0,8,0,0,353,115,Labelled Demonstration Dataset
2025-08-19,Greater London Health Region,16.0,5.0,84.1,16.0,0,1,8,0,0,283,69,Labelled Demonstration Dataset
2025-08-20,Greater London Health Region,22.9,15.2,60.2,22.9,0,2,8,0,0,299,69,Labelled Demonstration Dataset
2025-08-21,Greater London Health Region,20.7,10.2,75.7,20.7,0,3,8,0,0,309,75,Labelled Demonstration Dataset
2025-08-22,Greater London Health Region,24.2,14.8,57.3,24.2,0,4,8,0,0,302,78,Labelled Demonstration Dataset
2025-08-23,Greater London Health Region,22.2,11.5,74.1,22.2,1,5,8,0,0,270,61,Labelled Demonstration Dataset
2025-08-24,Greater London Health Region,23.3,15.7,66.2,23.3,1,6,8,0,0,302,80,Labelled Demonstration Dataset
2025-08-25,Greater London Health Region,24.2,12.5,61.2,24.2,0,0,8,0,0,309,79,Labelled Demonstration Dataset
2025-08-26,Greater London Health Region,18.6,6.8,64.8,18.6,0,1,8,0,0,317,86,Labelled Demonstration Dataset
2025-08-27,Greater London Health Region,19.6,10.9,68.1,19.6,0,2,8,0,0,293,66,Labelled Demonstration Dataset
2025-08-28,Greater London Health Region,19.9,8.3,62.2,19.9,0,3,8,0,0,309,71,Labelled Demonstration Dataset
2025-08-29,Greater London Health Region,21.4,13.9,49.4,21.4,0,4,8,0,0,334,81,Labelled Demonstration Dataset
2025-08-30,Greater London Health Region,23.5,14.0,69.7,23.5,1,5,8,0,0,266,75,Labelled Demonstration Dataset
2025-08-31,Greater London Health Region,23.7,12.3,63.1,23.7,1,6,8,0,0,276,71,Labelled Demonstration Dataset
2025-09-01,Greater London Health Region,17.5,10.4,77.5,17.5,0,0,9,0,0,297,68,Labelled Demonstration Dataset
2025-09-02,Greater London Health Region,24.3,17.6,62.3,24.3,0,1,9,0,0,308,85,Labelled Demonstration Dataset
2025-09-03,Greater London Health Region,20.4,12.6,57.4,20.4,0,2,9,0,0,285,81,Labelled Demonstration Dataset
2025-09-04,Greater London Health Region,23.2,15.1,65.8,23.2,0,3,9,0,0,316,85,Labelled Demonstration Dataset
2025-09-05,Greater London Health Region,26.0,14.6,66.7,27.4,0,4,9,0,0,281,65,Labelled Demonstration Dataset
2025-09-06,Greater London Health Region,19.8,10.3,69.8,19.8,1,5,9,0,0,265,65,Labelled Demonstration Dataset
2025-09-07,Greater London Health Region,20.5,10.1,64.3,20.5,1,6,9,0,0,281,69,Labelled Demonstration Dataset
2025-09-08,Greater London Health Region,17.0,10.0,73.1,17.0,0,0,9,0,0,280,72,Labelled Demonstration Dataset
2025-09-09,Greater London Health Region,19.5,11.4,72.3,19.5,0,1,9,0,0,299,84,Labelled Demonstration Dataset
2025-09-10,Greater London Health Region,21.3,13.8,59.4,21.3,0,2,9,0,0,278,74,Labelled Demonstration Dataset
2025-09-11,Greater London Health Region,20.7,11.8,70.8,20.7,0,3,9,0,0,286,64,Labelled Demonstration Dataset
2025-09-12,Greater London Health Region,17.6,10.3,78.1,17.6,0,4,9,0,0,304,71,Labelled Demonstration Dataset
2025-09-13,Greater London Health Region,22.9,15.6,65.1,22.9,1,5,9,0,0,296,71,Labelled Demonstration Dataset
2025-09-14,Greater London Health Region,17.8,9.0,78.6,17.8,1,6,9,0,0,285,70,Labelled Demonstration Dataset
2025-09-15,Greater London Health Region,19.9,13.7,80.9,19.9,0,0,9,0,0,270,64,Labelled Demonstration Dataset
2025-09-16,Greater London Health Region,20.1,8.3,63.0,20.1,0,1,9,0,0,329,84,Labelled Demonstration Dataset
2025-09-17,Greater London Health Region,18.2,11.5,66.9,18.2,0,2,9,0,0,313,79,Labelled Demonstration Dataset
2025-09-18,Greater London Health Region,16.6,8.5,74.4,16.6,0,3,9,0,0,274,74,Labelled Demonstration Dataset
2025-09-19,Greater London Health Region,19.5,9.8,72.2,19.5,0,4,9,0,0,285,67,Labelled Demonstration Dataset
2025-09-20,Greater London Health Region,17.2,8.7,67.7,17.2,1,5,9,0,0,296,80,Labelled Demonstration Dataset
2025-09-21,Greater London Health Region,17.4,10.3,68.0,17.4,1,6,9,0,0,284,69,Labelled Demonstration Dataset
2025-09-22,Greater London Health Region,17.5,10.5,68.8,17.5,0,0,9,0,0,307,81,Labelled Demonstration Dataset
2025-09-23,Greater London Health Region,17.7,7.3,62.3,17.7,0,1,9,0,0,308,80,Labelled Demonstration Dataset
2025-09-24,Greater London Health Region,13.6,3.1,86.9,13.6,0,2,9,0,0,332,84,Labelled Demonstration Dataset
2025-09-25,Greater London Health Region,22.2,11.3,63.3,22.2,0,3,9,0,0,308,75,Labelled Demonstration Dataset
2025-09-26,Greater London Health Region,20.7,12.1,69.0,20.7,0,4,9,0,0,315,77,Labelled Demonstration Dataset
2025-09-27,Greater London Health Region,18.9,10.0,67.5,18.9,1,5,9,0,0,252,63,Labelled Demonstration Dataset
2025-09-28,Greater London Health Region,11.3,5.1,84.0,11.3,1,6,9,0,0,301,71,Labelled Demonstration Dataset
2025-09-29,Greater London Health Region,20.6,9.8,61.2,20.6,0,0,9,0,0,303,78,Labelled Demonstration Dataset
2025-09-30,Greater London Health Region,14.3,2.4,81.0,14.3,0,1,9,0,0,306,74,Labelled Demonstration Dataset
2025-10-01,Greater London Health Region,20.2,13.5,75.3,20.2,0,2,10,0,0,286,74,Labelled Demonstration Dataset
2025-10-02,Greater London Health Region,17.5,9.0,60.8,17.5,0,3,10,0,0,300,73,Labelled Demonstration Dataset
2025-10-03,Greater London Health Region,20.5,9.1,65.5,20.5,0,4,10,0,0,302,71,Labelled Demonstration Dataset
2025-10-04,Greater London Health Region,18.9,11.9,80.3,18.9,1,5,10,0,0,274,65,Labelled Demonstration Dataset
2025-10-05,Greater London Health Region,13.8,7.6,75.8,13.8,1,6,10,0,0,253,69,Labelled Demonstration Dataset
2025-10-06,Greater London Health Region,15.7,9.6,71.7,15.7,0,0,10,0,0,295,78,Labelled Demonstration Dataset
2025-10-07,Greater London Health Region,15.6,7.2,71.3,15.6,0,1,10,0,0,305,78,Labelled Demonstration Dataset
2025-10-08,Greater London Health Region,18.0,10.4,65.3,18.0,0,2,10,0,0,301,79,Labelled Demonstration Dataset
2025-10-09,Greater London Health Region,13.1,4.5,77.7,13.1,0,3,10,0,0,311,80,Labelled Demonstration Dataset
2025-10-10,Greater London Health Region,12.7,1.8,73.5,12.7,0,4,10,0,0,277,66,Labelled Demonstration Dataset
2025-10-11,Greater London Health Region,16.6,10.3,68.4,16.6,1,5,10,0,0,239,57,Labelled Demonstration Dataset
2025-10-12,Greater London Health Region,11.3,2.1,69.7,11.3,1,6,10,0,0,283,64,Labelled Demonstration Dataset
2025-10-13,Greater London Health Region,16.1,9.2,78.0,16.1,0,0,10,0,0,298,71,Labelled Demonstration Dataset
2025-10-14,Greater London Health Region,10.6,0.5,69.8,10.6,0,1,10,0,0,326,77,Labelled Demonstration Dataset
2025-10-15,Greater London Health Region,15.5,7.9,67.6,15.5,0,2,10,0,0,290,68,Labelled Demonstration Dataset
2025-10-16,Greater London Health Region,9.3,0.5,78.8,9.3,0,3,10,0,0,312,82,Labelled Demonstration Dataset
2025-10-17,Greater London Health Region,12.4,5.5,85.2,12.4,0,4,10,0,0,294,80,Labelled Demonstration Dataset
2025-10-18,Greater London Health Region,9.8,3.3,86.6,9.8,1,5,10,0,0,288,77,Labelled Demonstration Dataset
2025-10-19,Greater London Health Region,16.4,8.7,74.7,16.4,1,6,10,0,0,311,74,Labelled Demonstration Dataset
2025-10-20,Greater London Health Region,8.4,0.5,71.6,8.4,0,0,10,0,0,321,81,Labelled Demonstration Dataset
2025-10-21,Greater London Health Region,15.7,6.4,77.4,15.7,0,1,10,0,0,291,69,Labelled Demonstration Dataset
2025-10-22,Greater London Health Region,10.4,0.5,85.5,10.4,0,2,10,0,0,298,78,Labelled Demonstration Dataset
2025-10-23,Greater London Health Region,15.2,5.6,84.9,15.2,0,3,10,0,0,315,87,Labelled Demonstration Dataset
2025-10-24,Greater London Health Region,7.4,0.5,81.0,7.4,0,4,10,0,0,315,73,Labelled Demonstration Dataset
2025-10-25,Greater London Health Region,14.1,3.6,68.2,14.1,1,5,10,0,0,283,65,Labelled Demonstration Dataset
2025-10-26,Greater London Health Region,9.5,0.6,89.1,9.5,1,6,10,0,0,277,71,Labelled Demonstration Dataset
2025-10-27,Greater London Health Region,10.9,4.4,79.8,10.9,0,0,10,0,0,290,82,Labelled Demonstration Dataset
2025-10-28,Greater London Health Region,7.9,0.5,84.7,7.9,0,1,10,0,0,308,77,Labelled Demonstration Dataset
2025-10-29,Greater London Health Region,16.4,7.4,85.0,16.4,0,2,10,0,0,281,75,Labelled Demonstration Dataset
2025-10-30,Greater London Health Region,10.8,3.9,84.7,10.8,0,3,10,0,0,291,77,Labelled Demonstration Dataset
2025-10-31,Greater London Health Region,16.9,5.5,74.2,16.9,0,4,10,0,0,313,83,Labelled Demonstration Dataset
2025-11-01,Greater London Health Region,12.1,4.3,79.4,12.1,1,5,11,0,0,289,66,Labelled Demonstration Dataset
2025-11-02,Greater London Health Region,14.5,8.4,86.0,14.5,1,6,11,0,0,267,72,Labelled Demonstration Dataset
2025-11-03,Greater London Health Region,12.7,4.6,89.4,12.7,0,0,11,0,0,294,74,Labelled Demonstration Dataset
2025-11-04,Greater London Health Region,15.1,4.4,70.9,15.1,0,1,11,0,0,292,79,Labelled Demonstration Dataset
2025-11-05,Greater London Health Region,13.9,2.2,77.1,13.9,0,2,11,0,0,313,92,Labelled Demonstration Dataset
2025-11-06,Greater London Health Region,10.5,2.2,75.3,10.5,0,3,11,0,0,283,78,Labelled Demonstration Dataset
2025-11-07,Greater London Health Region,9.1,1.2,80.8,9.1,0,4,11,0,0,304,77,Labelled Demonstration Dataset
2025-11-08,Greater London Health Region,13.1,1.1,77.8,13.1,1,5,11,0,0,297,75,Labelled Demonstration Dataset
2025-11-09,Greater London Health Region,6.1,0.5,79.2,6.1,1,6,11,0,0,296,79,Labelled Demonstration Dataset
2025-11-10,Greater London Health Region,7.2,0.5,82.0,7.2,0,0,11,0,0,308,71,Labelled Demonstration Dataset
2025-11-11,Greater London Health Region,12.7,2.2,84.1,12.7,0,1,11,0,0,304,81,Labelled Demonstration Dataset
2025-11-12,Greater London Health Region,11.5,4.4,87.8,11.5,0,2,11,0,0,334,78,Labelled Demonstration Dataset
2025-11-13,Greater London Health Region,8.1,1.3,85.8,8.1,0,3,11,0,0,340,81,Labelled Demonstration Dataset
2025-11-14,Greater London Health Region,6.4,0.5,85.8,6.4,0,4,11,0,0,307,72,Labelled Demonstration Dataset
2025-11-15,Greater London Health Region,4.2,0.5,89.5,4.2,1,5,11,0,0,307,76,Labelled Demonstration Dataset
2025-11-16,Greater London Health Region,6.2,0.5,79.1,6.2,1,6,11,0,0,302,78,Labelled Demonstration Dataset
2025-11-17,Greater London Health Region,12.7,3.9,69.7,12.7,0,0,11,0,0,313,73,Labelled Demonstration Dataset
2025-11-18,Greater London Health Region,2.3,0.5,95.0,2.3,0,1,11,0,0,290,78,Labelled Demonstration Dataset
2025-11-19,Greater London Health Region,5.4,0.5,95.0,5.4,0,2,11,0,0,273,62,Labelled Demonstration Dataset
2025-11-20,Greater London Health Region,8.8,0.5,76.6,8.8,0,3,11,0,0,296,73,Labelled Demonstration Dataset
2025-11-21,Greater London Health Region,8.2,1.2,70.4,8.2,0,4,11,0,0,276,65,Labelled Demonstration Dataset
2025-11-22,Greater London Health Region,5.1,0.5,85.4,5.1,1,5,11,0,0,254,56,Labelled Demonstration Dataset
2025-11-23,Greater London Health Region,5.6,0.5,95.0,5.6,1,6,11,0,0,282,73,Labelled Demonstration Dataset
2025-11-24,Greater London Health Region,14.9,5.4,71.9,14.9,0,0,11,0,0,281,65,Labelled Demonstration Dataset
2025-11-25,Greater London Health Region,6.6,0.5,79.3,6.6,0,1,11,0,0,293,76,Labelled Demonstration Dataset
2025-11-26,Greater London Health Region,7.6,0.5,79.8,7.6,0,2,11,0,0,307,81,Labelled Demonstration Dataset
2025-11-27,Greater London Health Region,10.5,1.3,77.0,10.5,0,3,11,0,0,306,72,Labelled Demonstration Dataset
2025-11-28,Greater London Health Region,6.5,0.5,90.0,6.5,0,4,11,0,0,303,75,Labelled Demonstration Dataset
2025-11-29,Greater London Health Region,12.9,6.4,69.2,12.9,1,5,11,0,0,296,75,Labelled Demonstration Dataset
2025-11-30,Greater London Health Region,6.7,0.5,80.0,6.7,1,6,11,0,0,286,74,Labelled Demonstration Dataset
2025-12-01,Greater London Health Region,7.3,0.6,83.6,7.3,0,0,12,0,0,312,73,Labelled Demonstration Dataset
2025-12-02,Greater London Health Region,6.3,0.5,82.5,6.3,0,1,12,0,0,314,79,Labelled Demonstration Dataset
2025-12-03,Greater London Health Region,5.8,0.5,95.0,5.8,0,2,12,0,0,296,78,Labelled Demonstration Dataset
2025-12-04,Greater London Health Region,5.8,0.5,79.6,5.8,0,3,12,0,0,297,73,Labelled Demonstration Dataset
2025-12-05,Greater London Health Region,8.8,0.5,83.7,8.8,0,4,12,0,0,300,67,Labelled Demonstration Dataset
2025-12-06,Greater London Health Region,7.1,0.5,91.7,7.1,1,5,12,0,0,283,77,Labelled Demonstration Dataset
2025-12-07,Greater London Health Region,7.4,0.5,90.7,7.4,1,6,12,0,0,258,73,Labelled Demonstration Dataset
2025-12-08,Greater London Health Region,6.1,0.5,89.1,6.1,0,0,12,0,0,313,71,Labelled Demonstration Dataset
2025-12-09,Greater London Health Region,2.0,0.5,92.4,2.0,0,1,12,0,0,324,83,Labelled Demonstration Dataset
2025-12-10,Greater London Health Region,1.1,0.5,92.5,1.1,0,2,12,0,0,303,71,Labelled Demonstration Dataset
2025-12-11,Greater London Health Region,4.5,0.5,85.1,4.5,0,3,12,0,0,297,73,Labelled Demonstration Dataset
2025-12-12,Greater London Health Region,6.4,0.5,70.3,6.4,0,4,12,0,0,320,78,Labelled Demonstration Dataset
2025-12-13,Greater London Health Region,5.5,0.5,79.4,5.5,1,5,12,0,0,281,66,Labelled Demonstration Dataset
2025-12-14,Greater London Health Region,8.4,0.5,84.0,8.4,1,6,12,0,0,282,63,Labelled Demonstration Dataset
2025-12-15,Greater London Health Region,4.0,0.5,89.0,4.0,0,0,12,0,0,298,78,Labelled Demonstration Dataset
2025-12-16,Greater London Health Region,1.0,0.5,92.5,1.0,0,1,12,0,0,318,68,Labelled Demonstration Dataset
2025-12-17,Greater London Health Region,8.6,0.5,91.0,8.6,0,2,12,0,0,268,65,Labelled Demonstration Dataset
2025-12-18,Greater London Health Region,5.4,0.5,89.6,5.4,0,3,12,0,0,292,65,Labelled Demonstration Dataset
2025-12-19,Greater London Health Region,4.0,0.5,86.9,4.0,0,4,12,0,0,313,83,Labelled Demonstration Dataset
2025-12-20,Greater London Health Region,1.0,0.5,95.0,1.0,1,5,12,0,0,277,67,Labelled Demonstration Dataset
2025-12-21,Greater London Health Region,8.4,0.5,79.2,8.4,1,6,12,0,0,287,70,Labelled Demonstration Dataset
2025-12-22,Greater London Health Region,3.3,0.5,92.6,3.3,0,0,12,0,0,309,76,Labelled Demonstration Dataset
2025-12-23,Greater London Health Region,6.2,0.5,82.4,6.2,0,1,12,0,0,297,82,Labelled Demonstration Dataset
2025-12-24,Greater London Health Region,8.2,0.5,84.9,8.2,0,2,12,0,0,293,75,Labelled Demonstration Dataset
2025-12-25,Greater London Health Region,8.4,0.5,69.6,8.4,0,3,12,0,0,307,76,Labelled Demonstration Dataset
2025-12-26,Greater London Health Region,5.7,0.5,81.2,5.7,0,4,12,0,0,296,68,Labelled Demonstration Dataset
2025-12-27,Greater London Health Region,3.9,0.5,95.0,3.9,1,5,12,0,0,295,65,Labelled Demonstration Dataset
2025-12-28,Greater London Health Region,1.0,0.5,93.4,1.0,1,6,12,0,0,309,85,Labelled Demonstration Dataset
2025-12-29,Greater London Health Region,6.4,0.5,80.4,6.4,0,0,12,0,0,321,77,Labelled Demonstration Dataset
2025-12-30,Greater London Health Region,1.0,0.5,94.4,1.0,0,1,12,0,0,324,82,Labelled Demonstration Dataset
